id;id_session;stage;time_end
1;1;Поступление заявки на установку оборудования;01.02.2024 10:00
2;1;Рассмотрение заявки менеджером;01.02.2024 11:00
3;1;Рассмотрение заявки менеджером;01.02.2024 12:00
4;1;Рассмотрение заявки менеджером;01.02.2024 13:00
5;1;Рассмотрение заявки инженером;01.02.2024 14:00
6;1;Согласование заявки инженером;01.02.2024 15:00
7;1;Согласование заявки юристом;01.02.2024 16:00
8;1;Согласование заявки бухгалером;01.02.2024 17:00
9;1;Получение оборудования на складе;01.02.2024 23:00
10;1;Выезд к клиенту;02.02.2024 0:00
11;1;Оборудование успешно установлено;02.02.2024 1:00
12;1;Формирование отчета о выезде;02.02.2024 2:06
13;2;Поступление заявки на установку оборудования;13.05.2024 3:48
14;2;Поступление заявки на установку оборудования;13.05.2024 4:48
15;2;Рассмотрение заявки менеджером;13.05.2024 5:48
16;2;Рассмотрение заявки менеджером;13.05.2024 6:48
17;2;Рассмотрение заявки менеджером;13.05.2024 7:48
18;2;Рассмотрение заявки инженером;13.05.2024 8:48
19;2;Согласование заявки инженером;13.05.2024 9:48
20;2;Согласование заявки юристом;13.05.2024 10:48
21;2;Согласование заявки бухгалером;13.05.2024 11:48
22;2;Получение оборудования на складе;13.05.2024 17:48
23;2;Выезд к клиенту;13.05.2024 18:48
24;2;Оборудование успешно установлено;13.05.2024 19:48
25;2;Формирование отчета о выезде;13.05.2024 21:48
26;3;Поступление заявки на установку оборудования;27.02.2024 12:36
27;3;Рассмотрение заявки менеджером;27.02.2024 13:36
28;3;Рассмотрение заявки менеджером;27.02.2024 14:36
29;3;Рассмотрение заявки менеджером;27.02.2024 15:36
30;3;Рассмотрение заявки инженером;27.02.2024 16:36
31;3;Согласование заявки инженером;27.02.2024 17:36
32;3;Согласование заявки бухгалером;27.02.2024 21:36
33;3;Назначение материалоответственного;27.02.2024 22:36
34;3;Получение оборудования на складе;28.02.2024 4:36
35;3;Выезд к клиенту;28.02.2024 5:36
36;3;Оборудование успешно установлено;28.02.2024 6:36
37;3;Формирование отчета о выезде;28.02.2024 8:00
38;4;Поступление заявки на установку оборудования;06.03.2024 21:48
39;4;Рассмотрение заявки менеджером;06.03.2024 22:48
40;4;Рассмотрение заявки менеджером;06.03.2024 23:48
41;4;Рассмотрение заявки менеджером;07.03.2024 0:48
42;4;Рассмотрение заявки инженером;07.03.2024 1:48
43;4;Согласование заявки инженером;07.03.2024 2:48
44;4;Согласование заявки бухгалером;07.03.2024 4:48
45;4;Назначение материалоответственного;07.03.2024 5:48
46;4;Получение оборудования на складе;07.03.2024 11:48
47;4;Выезд к клиенту;07.03.2024 12:48
48;4;Оборудование успешно установлено;07.03.2024 13:48
49;4;Формирование отчета о выезде;07.03.2024 15:18
50;5;Поступление заявки на установку оборудования;09.05.2024 23:48
51;5;Рассмотрение заявки менеджером;10.05.2024 0:48
52;5;Рассмотрение заявки менеджером;10.05.2024 1:48
53;5;Рассмотрение заявки менеджером;10.05.2024 2:48
54;5;Рассмотрение заявки инженером;10.05.2024 3:48
55;5;Согласование заявки инженером;10.05.2024 4:48
56;5;Согласование заявки бухгалером;10.05.2024 8:48
57;5;Назначение материалоответственного;10.05.2024 9:48
58;5;Получение оборудования на складе;10.05.2024 15:48
59;5;Поступление заявки на установку оборудования;10.05.2024 16:48
60;5;Рассмотрение заявки менеджером;10.05.2024 17:48
61;5;Рассмотрение заявки менеджером;10.05.2024 18:48
62;5;Рассмотрение заявки менеджером;10.05.2024 19:48
63;5;Рассмотрение заявки инженером;10.05.2024 20:48
64;5;Согласование заявки инженером;10.05.2024 21:48
65;5;Согласование заявки бухгалером;11.05.2024 1:48
66;5;Назначение материалоответственного;11.05.2024 2:48
67;5;Получение оборудования на складе;11.05.2024 8:48
68;5;Выезд к клиенту;11.05.2024 9:48
69;5;Оборудование успешно установлено;11.05.2024 10:48
70;5;Формирование отчета о выезде;11.05.2024 12:48
71;6;Поступление заявки на установку оборудования;19.02.2024 18:42
72;6;Рассмотрение заявки менеджером;19.02.2024 19:42
73;6;Рассмотрение заявки менеджером;19.02.2024 20:42
74;6;Рассмотрение заявки менеджером;19.02.2024 21:42
75;6;Рассмотрение заявки инженером;19.02.2024 22:42
76;6;Согласование заявки инженером;19.02.2024 23:42
77;6;Согласование заявки юристом;20.02.2024 0:42
78;6;Согласование заявки бухгалером;20.02.2024 7:42
79;6;Получение оборудования на складе;20.02.2024 13:42
80;6;Выезд к клиенту;20.02.2024 14:42
81;6;Оборудование успешно установлено;20.02.2024 15:42
82;6;Формирование отчета о выезде;20.02.2024 17:00
83;7;Поступление заявки на установку оборудования;23.03.2024 23:12
84;7;Рассмотрение заявки менеджером;24.03.2024 0:12
85;7;Рассмотрение заявки менеджером;24.03.2024 1:12
86;7;Рассмотрение заявки менеджером;24.03.2024 2:12
87;7;Рассмотрение заявки инженером;24.03.2024 3:12
88;7;Согласование заявки инженером;24.03.2024 4:12
89;7;Согласование заявки бухгалером;24.03.2024 10:12
90;7;Назначение материалоответственного;24.03.2024 11:12
91;7;Получение оборудования на складе;24.03.2024 17:12
92;7;Выезд к клиенту;24.03.2024 18:12
93;7;Оборудование успешно установлено;24.03.2024 19:12
94;7;Формирование отчета о выезде;24.03.2024 20:54
95;8;Поступление заявки на установку оборудования;15.03.2024 8:00
96;8;Рассмотрение заявки менеджером;15.03.2024 9:00
97;8;Рассмотрение заявки менеджером;15.03.2024 10:00
98;8;Рассмотрение заявки менеджером;15.03.2024 11:00
99;8;Рассмотрение заявки инженером;15.03.2024 12:00
100;8;Согласование заявки инженером;15.03.2024 13:00
101;8;Согласование заявки бухгалером;15.03.2024 17:00
102;8;Назначение материалоответственного;15.03.2024 18:00
103;8;Получение оборудования на складе;16.03.2024 0:00
104;8;Выезд к клиенту;16.03.2024 1:00
105;8;Оборудование успешно установлено;16.03.2024 2:00
106;8;Формирование отчета о выезде;16.03.2024 3:36
107;9;Поступление заявки на установку оборудования;06.04.2024 19:12
108;9;Рассмотрение заявки менеджером;06.04.2024 20:12
109;9;Рассмотрение заявки менеджером;06.04.2024 21:12
110;9;Рассмотрение заявки менеджером;06.04.2024 22:12
111;9;Рассмотрение заявки инженером;06.04.2024 23:12
112;9;Согласование заявки инженером;07.04.2024 0:12
113;9;Согласование заявки бухгалером;07.04.2024 6:12
114;9;Назначение материалоответственного;07.04.2024 7:12
115;9;Получение оборудования на складе;07.04.2024 13:12
116;9;Выезд к клиенту;07.04.2024 14:12
117;9;Оборудование успешно установлено;07.04.2024 15:12
118;9;Формирование отчета о выезде;07.04.2024 17:00
119;10;Поступление заявки на установку оборудования;29.03.2024 2:24
120;10;Рассмотрение заявки менеджером;29.03.2024 3:24
121;10;Рассмотрение заявки менеджером;29.03.2024 4:24
122;10;Рассмотрение заявки менеджером;29.03.2024 5:24
123;10;Рассмотрение заявки инженером;29.03.2024 6:24
124;10;Согласование заявки инженером;29.03.2024 7:24
125;10;Согласование заявки бухгалером;29.03.2024 11:24
126;10;Назначение материалоответственного;29.03.2024 12:24
127;10;Получение оборудования на складе;29.03.2024 18:24
128;10;Выезд к клиенту;29.03.2024 19:24
129;10;Оборудование успешно установлено;29.03.2024 20:24
130;10;Формирование отчета о выезде;29.03.2024 22:06
131;11;Поступление заявки на установку оборудования;29.03.2024 23:06
132;11;Рассмотрение заявки менеджером;30.03.2024 0:06
133;11;Рассмотрение заявки менеджером;30.03.2024 1:06
134;11;Рассмотрение заявки менеджером;30.03.2024 2:06
135;11;Рассмотрение заявки инженером;30.03.2024 3:06
136;11;Согласование заявки инженером;30.03.2024 4:06
137;11;Согласование заявки юристом;30.03.2024 5:06
138;11;Согласование заявки бухгалером;30.03.2024 10:06
139;11;Получение оборудования на складе;30.03.2024 16:06
140;11;Выезд к клиенту;30.03.2024 17:06
141;11;Оборудование успешно установлено;30.03.2024 18:06
142;11;Формирование отчета о выезде;30.03.2024 19:48
143;12;Поступление заявки на установку оборудования;23.02.2024 1:54
144;12;Рассмотрение заявки менеджером;23.02.2024 2:54
145;12;Рассмотрение заявки менеджером;23.02.2024 3:54
146;12;Рассмотрение заявки менеджером;23.02.2024 4:54
147;12;Рассмотрение заявки инженером;23.02.2024 5:54
148;12;Согласование заявки инженером;23.02.2024 6:54
149;12;Согласование заявки юристом;23.02.2024 7:54
150;12;Согласование заявки бухгалером;23.02.2024 10:54
151;12;Получение оборудования на складе;23.02.2024 16:54
152;12;Выезд к клиенту;23.02.2024 17:54
153;12;Оборудование успешно установлено;23.02.2024 18:54
154;12;Формирование отчета о выезде;23.02.2024 20:12
155;13;Поступление заявки на установку оборудования;06.05.2024 19:48
156;13;Рассмотрение заявки менеджером;06.05.2024 20:48
157;13;Рассмотрение заявки менеджером;06.05.2024 21:48
158;13;Рассмотрение заявки менеджером;06.05.2024 22:48
159;13;Рассмотрение заявки инженером;06.05.2024 23:48
160;13;Согласование заявки инженером;07.05.2024 0:48
161;13;Согласование заявки бухгалером;07.05.2024 4:48
162;13;Назначение материалоответственного;07.05.2024 5:48
163;13;Получение оборудования на складе;07.05.2024 11:48
164;13;Поступление заявки на установку оборудования;07.05.2024 12:48
165;13;Рассмотрение заявки менеджером;07.05.2024 13:48
166;13;Рассмотрение заявки менеджером;07.05.2024 14:48
167;13;Рассмотрение заявки менеджером;07.05.2024 15:48
168;13;Рассмотрение заявки инженером;07.05.2024 16:48
169;13;Согласование заявки инженером;07.05.2024 17:48
170;13;Согласование заявки бухгалером;07.05.2024 21:48
171;13;Назначение материалоответственного;07.05.2024 22:48
172;13;Получение оборудования на складе;08.05.2024 4:48
173;13;Выезд к клиенту;08.05.2024 5:48
174;13;Оборудование успешно установлено;08.05.2024 6:48
175;13;Формирование отчета о выезде;08.05.2024 8:48
176;14;Поступление заявки на установку оборудования;09.02.2024 14:06
177;14;Рассмотрение заявки менеджером;09.02.2024 15:06
178;14;Рассмотрение заявки менеджером;09.02.2024 16:06
179;14;Рассмотрение заявки менеджером;09.02.2024 17:06
180;14;Рассмотрение заявки инженером;09.02.2024 18:06
181;14;Согласование заявки инженером;09.02.2024 19:06
182;14;Согласование заявки юристом;09.02.2024 20:06
183;14;Согласование заявки бухгалером;09.02.2024 23:06
184;14;Получение оборудования на складе;10.02.2024 5:06
185;14;Выезд к клиенту;10.02.2024 6:06
186;14;Оборудование успешно установлено;10.02.2024 7:06
187;14;Формирование отчета о выезде;10.02.2024 8:18
188;15;Поступление заявки на установку оборудования;23.03.2024 1:30
189;15;Рассмотрение заявки менеджером;23.03.2024 2:30
190;15;Рассмотрение заявки менеджером;23.03.2024 3:30
191;15;Рассмотрение заявки менеджером;23.03.2024 4:30
192;15;Рассмотрение заявки инженером;23.03.2024 5:30
193;15;Согласование заявки инженером;23.03.2024 6:30
194;15;Согласование заявки юристом;23.03.2024 7:30
195;15;Согласование заявки бухгалером;23.03.2024 12:30
196;15;Получение оборудования на складе;23.03.2024 18:30
197;15;Выезд к клиенту;23.03.2024 19:30
198;15;Оборудование успешно установлено;23.03.2024 20:30
199;15;Формирование отчета о выезде;23.03.2024 22:12
200;16;Поступление заявки на установку оборудования;23.05.2024 5:48
201;16;Рассмотрение заявки менеджером;23.05.2024 6:48
202;16;Рассмотрение заявки менеджером;23.05.2024 7:48
203;16;Рассмотрение заявки менеджером;23.05.2024 8:48
204;16;Рассмотрение заявки инженером;23.05.2024 9:48
205;16;Согласование заявки инженером;23.05.2024 14:48
206;16;Согласование заявки бухгалером;23.05.2024 16:48
207;16;Назначение материалоответственного;23.05.2024 17:48
208;16;Получение оборудования на складе;23.05.2024 23:48
209;16;Выезд к клиенту;24.05.2024 0:48
210;16;Оборудование успешно установлено;24.05.2024 1:48
211;16;Формирование отчета о выезде;24.05.2024 3:48
212;17;Поступление заявки на установку оборудования;27.03.2024 12:00
213;17;Рассмотрение заявки менеджером;27.03.2024 13:00
214;17;Рассмотрение заявки менеджером;27.03.2024 14:00
215;17;Рассмотрение заявки менеджером;27.03.2024 15:00
216;17;Рассмотрение заявки инженером;27.03.2024 16:00
217;17;Согласование заявки инженером;27.03.2024 17:00
218;17;Согласование заявки бухгалером;27.03.2024 19:00
219;17;Назначение материалоответственного;27.03.2024 20:00
220;17;Получение оборудования на складе;28.03.2024 2:00
221;17;Выезд к клиенту;28.03.2024 3:00
222;17;Оборудование успешно установлено;28.03.2024 4:00
223;17;Формирование отчета о выезде;28.03.2024 5:42
224;18;Поступление заявки на установку оборудования;23.02.2024 21:12
225;18;Рассмотрение заявки менеджером;23.02.2024 22:12
226;18;Рассмотрение заявки менеджером;23.02.2024 23:12
227;18;Рассмотрение заявки менеджером;24.02.2024 0:12
228;18;Рассмотрение заявки инженером;24.02.2024 1:12
229;18;Согласование заявки инженером;24.02.2024 2:12
230;18;Согласование заявки бухгалером;24.02.2024 6:12
231;18;Назначение материалоответственного;24.02.2024 7:12
232;18;Получение оборудования на складе;24.02.2024 13:12
233;18;Выезд к клиенту;24.02.2024 14:12
234;18;Оборудование успешно установлено;24.02.2024 15:12
235;18;Формирование отчета о выезде;24.02.2024 16:30
236;19;Поступление заявки на установку оборудования;03.06.2024 3:48
237;19;Рассмотрение заявки менеджером;03.06.2024 4:48
238;19;Рассмотрение заявки менеджером;03.06.2024 5:48
239;19;Рассмотрение заявки менеджером;03.06.2024 6:48
240;19;Рассмотрение заявки инженером;03.06.2024 7:48
241;19;Согласование заявки инженером;03.06.2024 8:48
242;19;Согласование заявки юристом;03.06.2024 9:48
243;19;Согласование заявки бухгалером;03.06.2024 10:48
244;19;Получение оборудования на складе;03.06.2024 16:48
245;19;Выезд к клиенту;21.07.2024 16:48
246;19;Оборудование успешно установлено;21.07.2024 17:48
247;19;Формирование отчета о выезде;21.07.2024 18:54
248;20;Поступление заявки на установку оборудования;26.02.2024 13:12
249;20;Рассмотрение заявки менеджером;26.02.2024 14:12
250;20;Рассмотрение заявки менеджером;26.02.2024 15:12
251;20;Рассмотрение заявки менеджером;26.02.2024 16:12
252;20;Рассмотрение заявки инженером;26.02.2024 17:12
253;20;Согласование заявки инженером;26.02.2024 18:12
254;20;Согласование заявки юристом;26.02.2024 19:12
255;20;Согласование заявки бухгалером;27.02.2024 2:12
256;20;Получение оборудования на складе;27.02.2024 8:12
257;20;Выезд к клиенту;27.02.2024 9:12
258;20;Оборудование успешно установлено;27.02.2024 10:12
259;20;Формирование отчета о выезде;27.02.2024 11:36
260;21;Поступление заявки на установку оборудования;18.04.2024 2:48
261;21;Рассмотрение заявки менеджером;18.04.2024 3:48
262;21;Рассмотрение заявки менеджером;18.04.2024 4:48
263;21;Рассмотрение заявки менеджером;18.04.2024 5:48
264;21;Рассмотрение заявки инженером;18.04.2024 6:48
265;21;Согласование заявки инженером;18.04.2024 7:48
266;21;Согласование заявки юристом;18.04.2024 8:48
267;21;Согласование заявки бухгалером;18.04.2024 11:48
268;21;Получение оборудования на складе;18.04.2024 17:48
269;21;Выезд к клиенту;18.04.2024 18:48
270;21;Оборудование успешно установлено;18.04.2024 19:48
271;21;Формирование отчета о выезде;18.04.2024 21:48
272;22;Поступление заявки на установку оборудования;28.02.2024 9:00
273;22;Рассмотрение заявки менеджером;28.02.2024 10:00
274;22;Рассмотрение заявки менеджером;28.02.2024 11:00
275;22;Рассмотрение заявки менеджером;28.02.2024 12:00
276;22;Рассмотрение заявки инженером;28.02.2024 13:00
277;22;Согласование заявки инженером;28.02.2024 14:00
278;22;Согласование заявки юристом;28.02.2024 15:00
279;22;Согласование заявки бухгалером;28.02.2024 16:00
280;22;Получение оборудования на складе;28.02.2024 22:00
281;22;Выезд к клиенту;28.02.2024 23:00
282;22;Оборудование успешно установлено;29.02.2024 0:00
283;22;Формирование отчета о выезде;29.02.2024 1:24
284;23;Поступление заявки на установку оборудования;29.02.2024 2:24
285;23;Рассмотрение заявки менеджером;29.02.2024 3:24
286;23;Рассмотрение заявки менеджером;29.02.2024 4:24
287;23;Рассмотрение заявки менеджером;29.02.2024 5:24
288;23;Рассмотрение заявки инженером;29.02.2024 6:24
289;23;Согласование заявки инженером;29.02.2024 7:24
290;23;Согласование заявки бухгалером;29.02.2024 9:24
291;23;Назначение материалоответственного;29.02.2024 10:24
292;23;Получение оборудования на складе;29.02.2024 16:24
293;23;Выезд к клиенту;29.02.2024 17:24
294;23;Оборудование успешно установлено;29.02.2024 18:24
295;23;Формирование отчета о выезде;29.02.2024 19:48
296;24;Поступление заявки на установку оборудования;02.02.2024 21:12
297;24;Рассмотрение заявки менеджером;02.02.2024 22:12
298;24;Рассмотрение заявки менеджером;02.02.2024 23:12
299;24;Рассмотрение заявки менеджером;03.02.2024 0:12
300;24;Рассмотрение заявки инженером;03.02.2024 1:12
301;24;Согласование заявки инженером;03.02.2024 2:12
302;24;Согласование заявки юристом;03.02.2024 3:12
303;24;Согласование заявки бухгалером;03.02.2024 6:12
304;24;Получение оборудования на складе;03.02.2024 12:12
305;24;Выезд к клиенту;03.02.2024 13:12
306;24;Оборудование успешно установлено;03.02.2024 14:12
307;24;Формирование отчета о выезде;03.02.2024 15:18
308;25;Поступление заявки на установку оборудования;14.05.2024 19:48
309;25;Поступление заявки на установку оборудования;14.05.2024 20:48
310;25;Рассмотрение заявки менеджером;14.05.2024 21:48
311;25;Рассмотрение заявки менеджером;14.05.2024 22:48
312;25;Рассмотрение заявки менеджером;14.05.2024 23:48
313;25;Рассмотрение заявки инженером;15.05.2024 0:48
314;25;Согласование заявки инженером;15.05.2024 1:48
315;25;Согласование заявки юристом;15.05.2024 2:48
316;25;Согласование заявки бухгалером;15.05.2024 5:48
317;25;Получение оборудования на складе;15.05.2024 11:48
318;25;Выезд к клиенту;15.05.2024 12:48
319;25;Оборудование успешно установлено;15.05.2024 13:48
320;25;Формирование отчета о выезде;15.05.2024 15:48
321;26;Поступление заявки на установку оборудования;05.03.2024 7:48
322;26;Рассмотрение заявки менеджером;05.03.2024 8:48
323;26;Рассмотрение заявки менеджером;05.03.2024 9:48
324;26;Рассмотрение заявки менеджером;05.03.2024 10:48
325;26;Рассмотрение заявки инженером;05.03.2024 11:48
326;26;Согласование заявки инженером;05.03.2024 12:48
327;26;Согласование заявки бухгалером;05.03.2024 16:48
328;26;Назначение материалоответственного;05.03.2024 17:48
329;26;Получение оборудования на складе;05.03.2024 23:48
330;26;Выезд к клиенту;06.03.2024 0:48
331;26;Оборудование успешно установлено;06.03.2024 1:48
332;26;Формирование отчета о выезде;06.03.2024 3:18
333;27;Поступление заявки на установку оборудования;05.04.2024 21:24
334;27;Рассмотрение заявки менеджером;05.04.2024 22:24
335;27;Рассмотрение заявки менеджером;05.04.2024 23:24
336;27;Рассмотрение заявки менеджером;06.04.2024 0:24
337;27;Рассмотрение заявки инженером;06.04.2024 1:24
338;27;Согласование заявки инженером;06.04.2024 2:24
339;27;Согласование заявки юристом;06.04.2024 3:24
340;27;Согласование заявки бухгалером;06.04.2024 8:24
341;27;Получение оборудования на складе;06.04.2024 14:24
342;27;Выезд к клиенту;06.04.2024 15:24
343;27;Оборудование успешно установлено;06.04.2024 16:24
344;27;Формирование отчета о выезде;06.04.2024 18:12
345;28;Поступление заявки на установку оборудования;02.03.2024 12:36
346;28;Рассмотрение заявки менеджером;02.03.2024 13:36
347;28;Рассмотрение заявки менеджером;02.03.2024 14:36
348;28;Рассмотрение заявки менеджером;02.03.2024 15:36
349;28;Рассмотрение заявки инженером;02.03.2024 16:36
350;28;Согласование заявки инженером;02.03.2024 17:36
351;28;Согласование заявки юристом;02.03.2024 18:36
352;28;Согласование заявки бухгалером;02.03.2024 23:36
353;28;Получение оборудования на складе;03.03.2024 5:36
354;28;Выезд к клиенту;03.03.2024 6:36
355;28;Оборудование успешно установлено;03.03.2024 7:36
356;28;Формирование отчета о выезде;03.03.2024 9:00
357;29;Поступление заявки на установку оборудования;08.02.2024 19:54
358;29;Рассмотрение заявки менеджером;08.02.2024 20:54
359;29;Рассмотрение заявки менеджером;08.02.2024 21:54
360;29;Рассмотрение заявки менеджером;08.02.2024 22:54
361;29;Рассмотрение заявки инженером;08.02.2024 23:54
362;29;Согласование заявки инженером;09.02.2024 0:54
363;29;Согласование заявки бухгалером;09.02.2024 2:54
364;29;Назначение материалоответственного;09.02.2024 3:54
365;29;Получение оборудования на складе;09.02.2024 9:54
366;29;Выезд к клиенту;09.02.2024 10:54
367;29;Оборудование успешно установлено;09.02.2024 11:54
368;29;Формирование отчета о выезде;09.02.2024 13:06
369;30;Поступление заявки на установку оборудования;19.04.2024 19:48
370;30;Рассмотрение заявки менеджером;19.04.2024 20:48
371;30;Рассмотрение заявки менеджером;19.04.2024 21:48
372;30;Рассмотрение заявки менеджером;19.04.2024 22:48
373;30;Рассмотрение заявки инженером;19.04.2024 23:48
374;30;Согласование заявки инженером;20.04.2024 0:48
375;30;Согласование заявки юристом;20.04.2024 1:48
376;30;Согласование заявки бухгалером;20.04.2024 6:48
377;30;Получение оборудования на складе;20.04.2024 12:48
378;30;Выезд к клиенту;20.04.2024 13:48
379;30;Оборудование успешно установлено;20.04.2024 14:48
380;30;Формирование отчета о выезде;20.04.2024 16:48
381;31;Поступление заявки на установку оборудования;24.04.2024 10:48
382;31;Рассмотрение заявки менеджером;24.04.2024 11:48
383;31;Рассмотрение заявки менеджером;24.04.2024 12:48
384;31;Рассмотрение заявки менеджером;24.04.2024 13:48
385;31;Рассмотрение заявки инженером;24.04.2024 14:48
386;31;Согласование заявки инженером;24.04.2024 15:48
387;31;Согласование заявки бухгалером;24.04.2024 19:48
388;31;Назначение материалоответственного;24.04.2024 20:48
389;31;Получение оборудования на складе;25.04.2024 2:48
390;31;Выезд к клиенту;25.04.2024 3:48
391;31;Оборудование успешно установлено;25.04.2024 4:48
392;31;Формирование отчета о выезде;25.04.2024 6:48
393;32;Поступление заявки на установку оборудования;04.05.2024 23:48
394;32;Рассмотрение заявки менеджером;05.05.2024 0:48
395;32;Рассмотрение заявки менеджером;05.05.2024 1:48
396;32;Рассмотрение заявки менеджером;05.05.2024 2:48
397;32;Рассмотрение заявки инженером;05.05.2024 3:48
398;32;Согласование заявки инженером;05.05.2024 4:48
399;32;Согласование заявки юристом;05.05.2024 5:48
400;32;Согласование заявки бухгалером;05.05.2024 12:48
401;32;Получение оборудования на складе;05.05.2024 18:48
402;32;Поступление заявки на установку оборудования;05.05.2024 19:48
403;32;Рассмотрение заявки менеджером;05.05.2024 20:48
404;32;Рассмотрение заявки менеджером;05.05.2024 21:48
405;32;Рассмотрение заявки менеджером;05.05.2024 22:48
406;32;Рассмотрение заявки инженером;05.05.2024 23:48
407;32;Согласование заявки инженером;06.05.2024 0:48
408;32;Согласование заявки юристом;06.05.2024 1:48
409;32;Согласование заявки бухгалером;06.05.2024 8:48
410;32;Получение оборудования на складе;06.05.2024 14:48
411;32;Выезд к клиенту;06.05.2024 15:48
412;32;Оборудование успешно установлено;06.05.2024 16:48
413;32;Формирование отчета о выезде;06.05.2024 18:48
414;33;Поступление заявки на установку оборудования;11.04.2024 23:24
415;33;Рассмотрение заявки менеджером;12.04.2024 0:24
416;33;Рассмотрение заявки менеджером;12.04.2024 1:24
417;33;Рассмотрение заявки менеджером;12.04.2024 2:24
418;33;Рассмотрение заявки инженером;12.04.2024 3:24
419;33;Согласование заявки инженером;12.04.2024 4:24
420;33;Согласование заявки бухгалером;12.04.2024 8:24
421;33;Назначение материалоответственного;12.04.2024 9:24
422;33;Получение оборудования на складе;12.04.2024 15:24
423;33;Выезд к клиенту;12.04.2024 16:24
424;33;Оборудование успешно установлено;12.04.2024 17:24
425;33;Формирование отчета о выезде;12.04.2024 19:18
426;34;Поступление заявки на установку оборудования;08.02.2024 2:48
427;34;Рассмотрение заявки менеджером;08.02.2024 3:48
428;34;Рассмотрение заявки менеджером;08.02.2024 4:48
429;34;Рассмотрение заявки менеджером;08.02.2024 5:48
430;34;Рассмотрение заявки инженером;08.02.2024 6:48
431;34;Согласование заявки инженером;08.02.2024 7:48
432;34;Согласование заявки юристом;08.02.2024 8:48
433;34;Согласование заявки бухгалером;08.02.2024 9:48
434;34;Получение оборудования на складе;08.02.2024 15:48
435;34;Выезд к клиенту;08.02.2024 16:48
436;34;Оборудование успешно установлено;08.02.2024 17:48
437;34;Формирование отчета о выезде;08.02.2024 18:54
438;35;Поступление заявки на установку оборудования;05.04.2024 0:36
439;35;Рассмотрение заявки менеджером;05.04.2024 1:36
440;35;Рассмотрение заявки менеджером;05.04.2024 2:36
441;35;Рассмотрение заявки менеджером;05.04.2024 3:36
442;35;Рассмотрение заявки инженером;05.04.2024 4:36
443;35;Согласование заявки инженером;05.04.2024 5:36
444;35;Согласование заявки бухгалером;05.04.2024 9:36
445;35;Назначение материалоответственного;05.04.2024 10:36
446;35;Получение оборудования на складе;05.04.2024 16:36
447;35;Выезд к клиенту;05.04.2024 17:36
448;35;Оборудование успешно установлено;05.04.2024 18:36
449;35;Формирование отчета о выезде;05.04.2024 20:24
450;36;Поступление заявки на установку оборудования;08.03.2024 11:48
451;36;Рассмотрение заявки менеджером;08.03.2024 12:48
452;36;Рассмотрение заявки менеджером;08.03.2024 13:48
453;36;Рассмотрение заявки менеджером;08.03.2024 14:48
454;36;Рассмотрение заявки инженером;08.03.2024 15:48
455;36;Согласование заявки инженером;08.03.2024 16:48
456;36;Согласование заявки бухгалером;08.03.2024 20:48
457;36;Назначение материалоответственного;08.03.2024 21:48
458;36;Получение оборудования на складе;09.03.2024 3:48
459;36;Выезд к клиенту;09.03.2024 4:48
460;36;Оборудование успешно установлено;09.03.2024 5:48
461;36;Формирование отчета о выезде;09.03.2024 7:18
462;37;Поступление заявки на установку оборудования;28.04.2024 11:48
463;37;Рассмотрение заявки менеджером;28.04.2024 12:48
464;37;Рассмотрение заявки менеджером;28.04.2024 13:48
465;37;Рассмотрение заявки менеджером;28.04.2024 14:48
466;37;Рассмотрение заявки инженером;28.04.2024 15:48
467;37;Согласование заявки инженером;28.04.2024 16:48
468;37;Согласование заявки юристом;28.04.2024 17:48
469;37;Согласование заявки бухгалером;28.04.2024 20:48
470;37;Получение оборудования на складе;29.04.2024 2:48
471;37;Поступление заявки на установку оборудования;29.04.2024 3:48
472;37;Рассмотрение заявки менеджером;29.04.2024 4:48
473;37;Рассмотрение заявки менеджером;29.04.2024 5:48
474;37;Рассмотрение заявки менеджером;29.04.2024 6:48
475;37;Рассмотрение заявки инженером;29.04.2024 7:48
476;37;Согласование заявки инженером;29.04.2024 8:48
477;37;Согласование заявки юристом;29.04.2024 9:48
478;37;Согласование заявки бухгалером;29.04.2024 12:48
479;37;Получение оборудования на складе;29.04.2024 18:48
480;37;Выезд к клиенту;29.04.2024 19:48
481;37;Оборудование успешно установлено;29.04.2024 20:48
482;37;Формирование отчета о выезде;29.04.2024 22:48
483;38;Поступление заявки на установку оборудования;26.04.2024 4:48
484;38;Рассмотрение заявки менеджером;26.04.2024 5:48
485;38;Рассмотрение заявки менеджером;26.04.2024 6:48
486;38;Рассмотрение заявки менеджером;26.04.2024 7:48
487;38;Рассмотрение заявки инженером;26.04.2024 8:48
488;38;Согласование заявки инженером;26.04.2024 9:48
489;38;Согласование заявки бухгалером;26.04.2024 13:48
490;38;Назначение материалоответственного;26.04.2024 14:48
491;38;Получение оборудования на складе;26.04.2024 20:48
492;38;Выезд к клиенту;26.04.2024 21:48
493;38;Оборудование успешно установлено;26.04.2024 22:48
494;38;Формирование отчета о выезде;27.04.2024 0:48
495;39;Поступление заявки на установку оборудования;03.03.2024 10:00
496;39;Рассмотрение заявки менеджером;03.03.2024 11:00
497;39;Рассмотрение заявки менеджером;03.03.2024 12:00
498;39;Рассмотрение заявки менеджером;03.03.2024 13:00
499;39;Рассмотрение заявки инженером;03.03.2024 14:00
500;39;Согласование заявки инженером;03.03.2024 15:00
501;39;Согласование заявки бухгалером;03.03.2024 21:00
502;39;Назначение материалоответственного;03.03.2024 22:00
503;39;Получение оборудования на складе;04.03.2024 4:00
504;39;Выезд к клиенту;04.03.2024 5:00
505;39;Оборудование успешно установлено;04.03.2024 6:00
506;39;Формирование отчета о выезде;04.03.2024 7:24
507;40;Поступление заявки на установку оборудования;24.05.2024 4:48
508;40;Рассмотрение заявки менеджером;24.05.2024 5:48
509;40;Рассмотрение заявки менеджером;24.05.2024 6:48
510;40;Рассмотрение заявки менеджером;24.05.2024 7:48
511;40;Рассмотрение заявки инженером;24.05.2024 8:48
512;40;Согласование заявки инженером;24.05.2024 13:48
513;40;Согласование заявки юристом;24.05.2024 14:48
514;40;Согласование заявки бухгалером;24.05.2024 17:48
515;40;Получение оборудования на складе;24.05.2024 23:48
516;40;Выезд к клиенту;25.05.2024 0:48
517;40;Оборудование успешно установлено;25.05.2024 1:48
518;40;Формирование отчета о выезде;25.05.2024 3:48
519;41;Поступление заявки на установку оборудования;19.03.2024 21:00
520;41;Рассмотрение заявки менеджером;19.03.2024 22:00
521;41;Рассмотрение заявки менеджером;19.03.2024 23:00
522;41;Рассмотрение заявки менеджером;20.03.2024 0:00
523;41;Рассмотрение заявки инженером;20.03.2024 1:00
524;41;Согласование заявки инженером;20.03.2024 2:00
525;41;Согласование заявки юристом;20.03.2024 3:00
526;41;Согласование заявки бухгалером;20.03.2024 4:00
527;41;Получение оборудования на складе;20.03.2024 10:00
528;41;Выезд к клиенту;20.03.2024 11:00
529;41;Оборудование успешно установлено;20.03.2024 12:00
530;41;Формирование отчета о выезде;20.03.2024 13:36
531;42;Поступление заявки на установку оборудования;01.06.2024 12:48
532;42;Рассмотрение заявки менеджером;01.06.2024 13:48
533;42;Рассмотрение заявки менеджером;01.06.2024 14:48
534;42;Рассмотрение заявки менеджером;01.06.2024 15:48
535;42;Рассмотрение заявки инженером;01.06.2024 16:48
536;42;Согласование заявки инженером;01.06.2024 17:48
537;42;Согласование заявки юристом;01.06.2024 18:48
538;42;Согласование заявки бухгалером;01.06.2024 19:48
539;42;Проверка перечня наминклатуры бухгалтером;01.06.2024 20:48
540;42;Получение оборудования на складе;02.06.2024 2:48
541;42;Выезд к клиенту;02.06.2024 3:48
542;42;Оборудование успешно установлено;02.06.2024 4:48
543;42;Формирование отчета о выезде;02.06.2024 6:48
544;43;Поступление заявки на установку оборудования;18.05.2024 15:48
545;43;Поступление заявки на установку оборудования;18.05.2024 16:48
546;43;Рассмотрение заявки менеджером;18.05.2024 17:48
547;43;Рассмотрение заявки менеджером;18.05.2024 18:48
548;43;Рассмотрение заявки менеджером;18.05.2024 19:48
549;43;Рассмотрение заявки инженером;18.05.2024 20:48
550;43;Согласование заявки инженером;18.05.2024 21:48
551;43;Согласование заявки юристом;18.05.2024 22:48
552;43;Согласование заявки бухгалером;19.05.2024 5:48
553;43;Получение оборудования на складе;19.05.2024 11:48
554;43;Выезд к клиенту;19.05.2024 12:48
555;43;Оборудование успешно установлено;19.05.2024 13:48
556;43;Формирование отчета о выезде;19.05.2024 15:48
557;44;Поступление заявки на установку оборудования;28.03.2024 6:42
558;44;Рассмотрение заявки менеджером;28.03.2024 7:42
559;44;Рассмотрение заявки менеджером;28.03.2024 8:42
560;44;Рассмотрение заявки менеджером;28.03.2024 9:42
561;44;Рассмотрение заявки инженером;28.03.2024 10:42
562;44;Согласование заявки инженером;28.03.2024 11:42
563;44;Согласование заявки юристом;28.03.2024 12:42
564;44;Согласование заявки бухгалером;28.03.2024 15:42
565;44;Получение оборудования на складе;28.03.2024 21:42
566;44;Выезд к клиенту;28.03.2024 22:42
567;44;Оборудование успешно установлено;28.03.2024 23:42
568;44;Формирование отчета о выезде;29.03.2024 1:24
569;45;Поступление заявки на установку оборудования;03.04.2024 10:00
570;45;Рассмотрение заявки менеджером;03.04.2024 11:00
571;45;Рассмотрение заявки менеджером;03.04.2024 12:00
572;45;Рассмотрение заявки менеджером;03.04.2024 13:00
573;45;Рассмотрение заявки инженером;03.04.2024 14:00
574;45;Согласование заявки инженером;03.04.2024 15:00
575;45;Согласование заявки бухгалером;03.04.2024 17:00
576;45;Назначение материалоответственного;03.04.2024 18:00
577;45;Получение оборудования на складе;04.04.2024 0:00
578;45;Выезд к клиенту;04.04.2024 1:00
579;45;Оборудование успешно установлено;04.04.2024 2:00
580;45;Формирование отчета о выезде;04.04.2024 3:48
581;46;Поступление заявки на установку оборудования;04.03.2024 8:24
582;46;Рассмотрение заявки менеджером;04.03.2024 9:24
583;46;Рассмотрение заявки менеджером;04.03.2024 10:24
584;46;Рассмотрение заявки менеджером;04.03.2024 11:24
585;46;Рассмотрение заявки инженером;04.03.2024 12:24
586;46;Согласование заявки инженером;04.03.2024 13:24
587;46;Согласование заявки юристом;04.03.2024 14:24
588;46;Согласование заявки бухгалером;04.03.2024 21:24
589;46;Получение оборудования на складе;05.03.2024 3:24
590;46;Выезд к клиенту;05.03.2024 4:24
591;46;Оборудование успешно установлено;05.03.2024 5:24
592;46;Формирование отчета о выезде;05.03.2024 6:48
593;47;Поступление заявки на установку оборудования;11.04.2024 3:30
594;47;Рассмотрение заявки менеджером;11.04.2024 4:30
595;47;Рассмотрение заявки менеджером;11.04.2024 5:30
596;47;Рассмотрение заявки менеджером;11.04.2024 6:30
597;47;Рассмотрение заявки инженером;11.04.2024 7:30
598;47;Согласование заявки инженером;11.04.2024 8:30
599;47;Согласование заявки юристом;11.04.2024 9:30
600;47;Согласование заявки бухгалером;11.04.2024 12:30
601;47;Получение оборудования на складе;11.04.2024 18:30
602;47;Выезд к клиенту;11.04.2024 19:30
603;47;Оборудование успешно установлено;11.04.2024 20:30
604;47;Формирование отчета о выезде;11.04.2024 22:24
605;48;Поступление заявки на установку оборудования;07.03.2024 16:18
606;48;Рассмотрение заявки менеджером;07.03.2024 17:18
607;48;Рассмотрение заявки менеджером;07.03.2024 18:18
608;48;Рассмотрение заявки менеджером;07.03.2024 19:18
609;48;Рассмотрение заявки инженером;07.03.2024 20:18
610;48;Согласование заявки инженером;07.03.2024 21:18
611;48;Согласование заявки юристом;07.03.2024 22:18
612;48;Согласование заявки бухгалером;08.03.2024 1:18
613;48;Получение оборудования на складе;08.03.2024 7:18
614;48;Выезд к клиенту;08.03.2024 8:18
615;48;Оборудование успешно установлено;08.03.2024 9:18
616;48;Формирование отчета о выезде;08.03.2024 10:48
617;49;Поступление заявки на установку оборудования;16.04.2024 13:54
618;49;Рассмотрение заявки менеджером;16.04.2024 14:54
619;49;Рассмотрение заявки менеджером;16.04.2024 15:54
620;49;Рассмотрение заявки менеджером;16.04.2024 16:54
621;49;Рассмотрение заявки инженером;16.04.2024 17:54
622;49;Согласование заявки инженером;16.04.2024 18:54
623;49;Согласование заявки юристом;16.04.2024 19:54
624;49;Согласование заявки бухгалером;16.04.2024 20:54
625;49;Получение оборудования на складе;17.04.2024 2:54
626;49;Выезд к клиенту;17.04.2024 3:54
627;49;Оборудование успешно установлено;17.04.2024 4:54
628;49;Формирование отчета о выезде;17.04.2024 6:48
629;50;Поступление заявки на установку оборудования;10.04.2024 8:36
630;50;Рассмотрение заявки менеджером;10.04.2024 9:36
631;50;Рассмотрение заявки менеджером;10.04.2024 10:36
632;50;Рассмотрение заявки менеджером;10.04.2024 11:36
633;50;Рассмотрение заявки инженером;10.04.2024 12:36
634;50;Согласование заявки инженером;10.04.2024 13:36
635;50;Согласование заявки бухгалером;10.04.2024 15:36
636;50;Назначение материалоответственного;10.04.2024 16:36
637;50;Получение оборудования на складе;10.04.2024 22:36
638;50;Выезд к клиенту;10.04.2024 23:36
639;50;Оборудование успешно установлено;11.04.2024 0:36
640;50;Формирование отчета о выезде;11.04.2024 2:30
641;51;Поступление заявки на установку оборудования;09.04.2024 14:42
642;51;Рассмотрение заявки менеджером;09.04.2024 15:42
643;51;Рассмотрение заявки менеджером;09.04.2024 16:42
644;51;Рассмотрение заявки менеджером;09.04.2024 17:42
645;51;Рассмотрение заявки инженером;09.04.2024 18:42
646;51;Согласование заявки инженером;09.04.2024 19:42
647;51;Согласование заявки юристом;09.04.2024 20:42
648;51;Согласование заявки бухгалером;09.04.2024 21:42
649;51;Получение оборудования на складе;10.04.2024 3:42
650;51;Выезд к клиенту;10.04.2024 4:42
651;51;Оборудование успешно установлено;10.04.2024 5:42
652;51;Формирование отчета о выезде;10.04.2024 7:36
653;52;Поступление заявки на установку оборудования;06.03.2024 4:18
654;52;Рассмотрение заявки менеджером;06.03.2024 5:18
655;52;Рассмотрение заявки менеджером;06.03.2024 6:18
656;52;Рассмотрение заявки менеджером;06.03.2024 7:18
657;52;Рассмотрение заявки инженером;06.03.2024 8:18
658;52;Согласование заявки инженером;06.03.2024 9:18
659;52;Согласование заявки юристом;06.03.2024 10:18
660;52;Согласование заявки бухгалером;06.03.2024 11:18
661;52;Получение оборудования на складе;06.03.2024 17:18
662;52;Выезд к клиенту;06.03.2024 18:18
663;52;Оборудование успешно установлено;06.03.2024 19:18
664;52;Формирование отчета о выезде;06.03.2024 20:48
665;53;Поступление заявки на установку оборудования;21.02.2024 14:18
666;53;Рассмотрение заявки менеджером;21.02.2024 15:18
667;53;Рассмотрение заявки менеджером;21.02.2024 16:18
668;53;Рассмотрение заявки менеджером;21.02.2024 17:18
669;53;Рассмотрение заявки инженером;21.02.2024 18:18
670;53;Согласование заявки инженером;21.02.2024 19:18
671;53;Согласование заявки юристом;21.02.2024 20:18
672;53;Согласование заявки бухгалером;21.02.2024 21:18
673;53;Получение оборудования на складе;22.02.2024 3:18
674;53;Выезд к клиенту;22.02.2024 4:18
675;53;Оборудование успешно установлено;22.02.2024 5:18
676;53;Формирование отчета о выезде;22.02.2024 6:36
677;54;Поступление заявки на установку оборудования;29.04.2024 23:48
678;54;Рассмотрение заявки менеджером;30.04.2024 0:48
679;54;Рассмотрение заявки менеджером;30.04.2024 1:48
680;54;Рассмотрение заявки менеджером;30.04.2024 2:48
681;54;Рассмотрение заявки инженером;30.04.2024 3:48
682;54;Согласование заявки инженером;30.04.2024 4:48
683;54;Согласование заявки бухгалером;30.04.2024 8:48
684;54;Назначение материалоответственного;30.04.2024 9:48
685;54;Получение оборудования на складе;30.04.2024 15:48
686;54;Поступление заявки на установку оборудования;30.04.2024 16:48
687;54;Рассмотрение заявки менеджером;30.04.2024 17:48
688;54;Рассмотрение заявки менеджером;30.04.2024 18:48
689;54;Рассмотрение заявки менеджером;30.04.2024 19:48
690;54;Рассмотрение заявки инженером;30.04.2024 20:48
691;54;Согласование заявки инженером;30.04.2024 21:48
692;54;Согласование заявки бухгалером;01.05.2024 1:48
693;54;Назначение материалоответственного;01.05.2024 2:48
694;54;Получение оборудования на складе;01.05.2024 8:48
695;54;Выезд к клиенту;01.05.2024 9:48
696;54;Оборудование успешно установлено;01.05.2024 10:48
697;54;Формирование отчета о выезде;01.05.2024 12:48
698;55;Поступление заявки на установку оборудования;13.02.2024 0:54
699;55;Рассмотрение заявки менеджером;13.02.2024 1:54
700;55;Рассмотрение заявки менеджером;13.02.2024 2:54
701;55;Рассмотрение заявки менеджером;13.02.2024 3:54
702;55;Рассмотрение заявки инженером;13.02.2024 4:54
703;55;Согласование заявки инженером;13.02.2024 5:54
704;55;Согласование заявки юристом;13.02.2024 6:54
705;55;Согласование заявки бухгалером;13.02.2024 13:54
706;55;Получение оборудования на складе;13.02.2024 19:54
707;55;Выезд к клиенту;13.02.2024 20:54
708;55;Оборудование успешно установлено;13.02.2024 21:54
709;55;Формирование отчета о выезде;13.02.2024 23:06
710;56;Поступление заявки на установку оборудования;15.02.2024 13:30
711;56;Рассмотрение заявки менеджером;15.02.2024 14:30
712;56;Рассмотрение заявки менеджером;15.02.2024 15:30
713;56;Рассмотрение заявки менеджером;15.02.2024 16:30
714;56;Рассмотрение заявки инженером;15.02.2024 17:30
715;56;Согласование заявки инженером;15.02.2024 18:30
716;56;Согласование заявки бухгалером;15.02.2024 20:30
717;56;Назначение материалоответственного;15.02.2024 21:30
718;56;Получение оборудования на складе;16.02.2024 3:30
719;56;Выезд к клиенту;16.02.2024 4:30
720;56;Оборудование успешно установлено;16.02.2024 5:30
721;56;Формирование отчета о выезде;16.02.2024 6:42
722;57;Поступление заявки на установку оборудования;22.04.2024 16:48
723;57;Рассмотрение заявки менеджером;22.04.2024 17:48
724;57;Рассмотрение заявки менеджером;22.04.2024 18:48
725;57;Рассмотрение заявки менеджером;22.04.2024 19:48
726;57;Рассмотрение заявки инженером;22.04.2024 20:48
727;57;Согласование заявки инженером;22.04.2024 21:48
728;57;Согласование заявки бухгалером;23.04.2024 1:48
729;57;Назначение материалоответственного;23.04.2024 2:48
730;57;Получение оборудования на складе;23.04.2024 8:48
731;57;Выезд к клиенту;23.04.2024 9:48
732;57;Оборудование успешно установлено;23.04.2024 10:48
733;57;Формирование отчета о выезде;23.04.2024 12:48
734;58;Поступление заявки на установку оборудования;25.04.2024 7:48
735;58;Рассмотрение заявки менеджером;25.04.2024 8:48
736;58;Рассмотрение заявки менеджером;25.04.2024 9:48
737;58;Рассмотрение заявки менеджером;25.04.2024 10:48
738;58;Рассмотрение заявки инженером;25.04.2024 11:48
739;58;Согласование заявки инженером;25.04.2024 12:48
740;58;Согласование заявки юристом;25.04.2024 13:48
741;58;Согласование заявки бухгалером;25.04.2024 17:48
742;58;Получение оборудования на складе;25.04.2024 23:48
743;58;Выезд к клиенту;26.04.2024 0:48
744;58;Оборудование успешно установлено;26.04.2024 1:48
745;58;Формирование отчета о выезде;26.04.2024 3:48
746;59;Поступление заявки на установку оборудования;09.03.2024 8:18
747;59;Рассмотрение заявки менеджером;09.03.2024 9:18
748;59;Рассмотрение заявки менеджером;09.03.2024 10:18
749;59;Рассмотрение заявки менеджером;09.03.2024 11:18
750;59;Рассмотрение заявки инженером;09.03.2024 12:18
751;59;Согласование заявки инженером;09.03.2024 13:18
752;59;Согласование заявки юристом;09.03.2024 14:18
753;59;Согласование заявки бухгалером;09.03.2024 19:18
754;59;Получение оборудования на складе;10.03.2024 1:18
755;59;Выезд к клиенту;10.03.2024 2:18
756;59;Оборудование успешно установлено;10.03.2024 3:18
757;59;Формирование отчета о выезде;10.03.2024 4:48
758;60;Поступление заявки на установку оборудования;12.04.2024 20:18
759;60;Рассмотрение заявки менеджером;12.04.2024 21:18
760;60;Рассмотрение заявки менеджером;12.04.2024 22:18
761;60;Рассмотрение заявки менеджером;12.04.2024 23:18
762;60;Рассмотрение заявки инженером;13.04.2024 0:18
763;60;Согласование заявки инженером;13.04.2024 1:18
764;60;Согласование заявки юристом;13.04.2024 2:18
765;60;Согласование заявки бухгалером;13.04.2024 7:18
766;60;Получение оборудования на складе;13.04.2024 13:18
767;60;Выезд к клиенту;13.04.2024 14:18
768;60;Оборудование успешно установлено;13.04.2024 15:18
769;60;Формирование отчета о выезде;13.04.2024 17:12
770;61;Поступление заявки на установку оборудования;27.05.2024 7:48
771;61;Рассмотрение заявки менеджером;27.05.2024 8:48
772;61;Рассмотрение заявки менеджером;27.05.2024 9:48
773;61;Рассмотрение заявки менеджером;27.05.2024 10:48
774;61;Рассмотрение заявки инженером;27.05.2024 11:48
775;61;Согласование заявки инженером;27.05.2024 16:48
776;61;Согласование заявки бухгалером;27.05.2024 22:48
777;61;Назначение материалоответственного;27.05.2024 23:48
778;61;Получение оборудования на складе;28.05.2024 5:48
779;61;Выезд к клиенту;28.05.2024 6:48
780;61;Оборудование успешно установлено;28.05.2024 7:48
781;61;Формирование отчета о выезде;28.05.2024 9:48
782;62;Поступление заявки на установку оборудования;14.02.2024 0:06
783;62;Рассмотрение заявки менеджером;14.02.2024 1:06
784;62;Рассмотрение заявки менеджером;14.02.2024 2:06
785;62;Рассмотрение заявки менеджером;14.02.2024 3:06
786;62;Рассмотрение заявки инженером;14.02.2024 4:06
787;62;Согласование заявки инженером;14.02.2024 5:06
788;62;Согласование заявки бухгалером;14.02.2024 9:06
789;62;Назначение материалоответственного;14.02.2024 10:06
790;62;Получение оборудования на складе;14.02.2024 16:06
791;62;Выезд к клиенту;14.02.2024 17:06
792;62;Оборудование успешно установлено;14.02.2024 18:06
793;62;Формирование отчета о выезде;14.02.2024 19:18
794;63;Поступление заявки на установку оборудования;17.03.2024 2:12
795;63;Рассмотрение заявки менеджером;17.03.2024 3:12
796;63;Рассмотрение заявки менеджером;17.03.2024 4:12
797;63;Рассмотрение заявки менеджером;17.03.2024 5:12
798;63;Рассмотрение заявки инженером;17.03.2024 6:12
799;63;Согласование заявки инженером;17.03.2024 7:12
800;63;Согласование заявки бухгалером;17.03.2024 13:12
801;63;Назначение материалоответственного;17.03.2024 14:12
802;63;Получение оборудования на складе;17.03.2024 20:12
803;63;Выезд к клиенту;17.03.2024 21:12
804;63;Оборудование успешно установлено;17.03.2024 22:12
805;63;Формирование отчета о выезде;17.03.2024 23:48
806;64;Поступление заявки на установку оборудования;21.04.2024 16:48
807;64;Рассмотрение заявки менеджером;21.04.2024 17:48
808;64;Рассмотрение заявки менеджером;21.04.2024 18:48
809;64;Рассмотрение заявки менеджером;21.04.2024 19:48
810;64;Рассмотрение заявки инженером;21.04.2024 20:48
811;64;Согласование заявки инженером;21.04.2024 21:48
812;64;Согласование заявки юристом;21.04.2024 22:48
813;64;Согласование заявки бухгалером;22.04.2024 5:48
814;64;Получение оборудования на складе;22.04.2024 11:48
815;64;Выезд к клиенту;22.04.2024 12:48
816;64;Оборудование успешно установлено;22.04.2024 13:48
817;64;Формирование отчета о выезде;22.04.2024 15:48
818;65;Поступление заявки на установку оборудования;03.05.2024 5:48
819;65;Рассмотрение заявки менеджером;03.05.2024 6:48
820;65;Рассмотрение заявки менеджером;03.05.2024 7:48
821;65;Рассмотрение заявки менеджером;03.05.2024 8:48
822;65;Рассмотрение заявки инженером;03.05.2024 9:48
823;65;Согласование заявки инженером;03.05.2024 10:48
824;65;Согласование заявки бухгалером;03.05.2024 16:48
825;65;Назначение материалоответственного;03.05.2024 17:48
826;65;Получение оборудования на складе;03.05.2024 23:48
827;65;Поступление заявки на установку оборудования;04.05.2024 0:48
828;65;Рассмотрение заявки менеджером;04.05.2024 1:48
829;65;Рассмотрение заявки менеджером;04.05.2024 2:48
830;65;Рассмотрение заявки менеджером;04.05.2024 3:48
831;65;Рассмотрение заявки инженером;04.05.2024 4:48
832;65;Согласование заявки инженером;04.05.2024 5:48
833;65;Согласование заявки бухгалером;04.05.2024 11:48
834;65;Назначение материалоответственного;04.05.2024 12:48
835;65;Получение оборудования на складе;04.05.2024 18:48
836;65;Выезд к клиенту;04.05.2024 19:48
837;65;Оборудование успешно установлено;04.05.2024 20:48
838;65;Формирование отчета о выезде;04.05.2024 22:48
839;66;Поступление заявки на установку оборудования;26.03.2024 18:18
840;66;Рассмотрение заявки менеджером;26.03.2024 19:18
841;66;Рассмотрение заявки менеджером;26.03.2024 20:18
842;66;Рассмотрение заявки менеджером;26.03.2024 21:18
843;66;Рассмотрение заявки инженером;26.03.2024 22:18
844;66;Согласование заявки инженером;26.03.2024 23:18
845;66;Согласование заявки юристом;27.03.2024 0:18
846;66;Согласование заявки бухгалером;27.03.2024 1:18
847;66;Получение оборудования на складе;27.03.2024 7:18
848;66;Выезд к клиенту;27.03.2024 8:18
849;66;Оборудование успешно установлено;27.03.2024 9:18
850;66;Формирование отчета о выезде;27.03.2024 11:00
851;67;Поступление заявки на установку оборудования;24.03.2024 21:54
852;67;Рассмотрение заявки менеджером;24.03.2024 22:54
853;67;Рассмотрение заявки менеджером;24.03.2024 23:54
854;67;Рассмотрение заявки менеджером;25.03.2024 0:54
855;67;Рассмотрение заявки инженером;25.03.2024 1:54
856;67;Согласование заявки инженером;25.03.2024 2:54
857;67;Согласование заявки юристом;25.03.2024 3:54
858;67;Согласование заявки бухгалером;25.03.2024 10:54
859;67;Получение оборудования на складе;25.03.2024 16:54
860;67;Выезд к клиенту;25.03.2024 17:54
861;67;Оборудование успешно установлено;25.03.2024 18:54
862;67;Формирование отчета о выезде;25.03.2024 20:36
863;68;Поступление заявки на установку оборудования;31.03.2024 19:36
864;68;Рассмотрение заявки менеджером;31.03.2024 20:36
865;68;Рассмотрение заявки менеджером;31.03.2024 21:36
866;68;Рассмотрение заявки менеджером;31.03.2024 22:36
867;68;Рассмотрение заявки инженером;31.03.2024 23:36
868;68;Согласование заявки инженером;01.04.2024 0:36
869;68;Согласование заявки юристом;01.04.2024 1:36
870;68;Согласование заявки бухгалером;01.04.2024 8:36
871;68;Получение оборудования на складе;01.04.2024 14:36
872;68;Выезд к клиенту;01.04.2024 15:36
873;68;Оборудование успешно установлено;01.04.2024 16:36
874;68;Формирование отчета о выезде;01.04.2024 18:24
875;69;Поступление заявки на установку оборудования;29.02.2024 20:48
876;69;Рассмотрение заявки менеджером;29.02.2024 21:48
877;69;Рассмотрение заявки менеджером;29.02.2024 22:48
878;69;Рассмотрение заявки менеджером;29.02.2024 23:48
879;69;Рассмотрение заявки инженером;01.03.2024 0:48
880;69;Согласование заявки инженером;01.03.2024 1:48
881;69;Согласование заявки юристом;01.03.2024 2:48
882;69;Согласование заявки бухгалером;01.03.2024 5:48
883;69;Получение оборудования на складе;01.03.2024 11:48
884;69;Выезд к клиенту;01.03.2024 12:48
885;69;Оборудование успешно установлено;01.03.2024 13:48
886;69;Формирование отчета о выезде;01.03.2024 15:12
887;70;Поступление заявки на установку оборудования;21.05.2024 10:48
888;70;Поступление заявки на установку оборудования;21.05.2024 11:48
889;70;Поступление заявки на установку оборудования;21.05.2024 12:48
890;70;Рассмотрение заявки менеджером;21.05.2024 13:48
891;70;Рассмотрение заявки менеджером;21.05.2024 14:48
892;70;Рассмотрение заявки менеджером;21.05.2024 15:48
893;70;Рассмотрение заявки инженером;21.05.2024 16:48
894;70;Согласование заявки инженером;21.05.2024 17:48
895;70;Согласование заявки бухгалером;21.05.2024 19:48
896;70;Назначение материалоответственного;21.05.2024 20:48
897;70;Получение оборудования на складе;22.05.2024 2:48
898;70;Выезд к клиенту;22.05.2024 3:48
899;70;Оборудование успешно установлено;22.05.2024 4:48
900;70;Формирование отчета о выезде;22.05.2024 6:48
901;71;Поступление заявки на установку оборудования;13.03.2024 0:18
902;71;Рассмотрение заявки менеджером;13.03.2024 1:18
903;71;Рассмотрение заявки менеджером;13.03.2024 2:18
904;71;Рассмотрение заявки менеджером;13.03.2024 3:18
905;71;Рассмотрение заявки инженером;13.03.2024 4:18
906;71;Согласование заявки инженером;13.03.2024 5:18
907;71;Согласование заявки юристом;13.03.2024 6:18
908;71;Согласование заявки бухгалером;13.03.2024 7:18
909;71;Получение оборудования на складе;13.03.2024 13:18
910;71;Выезд к клиенту;13.03.2024 14:18
911;71;Оборудование успешно установлено;13.03.2024 15:18
912;71;Формирование отчета о выезде;13.03.2024 16:48
913;72;Поступление заявки на установку оборудования;25.05.2024 4:48
914;72;Рассмотрение заявки менеджером;25.05.2024 5:48
915;72;Рассмотрение заявки менеджером;25.05.2024 6:48
916;72;Рассмотрение заявки менеджером;25.05.2024 7:48
917;72;Рассмотрение заявки инженером;25.05.2024 8:48
918;72;Согласование заявки инженером;25.05.2024 13:48
919;72;Согласование заявки бухгалером;25.05.2024 17:48
920;72;Назначение материалоответственного;25.05.2024 18:48
921;72;Получение оборудования на складе;26.05.2024 0:48
922;72;Выезд к клиенту;26.05.2024 1:48
923;72;Оборудование успешно установлено;26.05.2024 2:48
924;72;Формирование отчета о выезде;26.05.2024 4:48
925;73;Поступление заявки на установку оборудования;25.02.2024 14:48
926;73;Рассмотрение заявки менеджером;25.02.2024 15:48
927;73;Рассмотрение заявки менеджером;25.02.2024 16:48
928;73;Рассмотрение заявки менеджером;25.02.2024 17:48
929;73;Рассмотрение заявки инженером;25.02.2024 18:48
930;73;Согласование заявки инженером;25.02.2024 19:48
931;73;Согласование заявки бухгалером;26.02.2024 1:48
932;73;Назначение материалоответственного;26.02.2024 2:48
933;73;Получение оборудования на складе;26.02.2024 8:48
934;73;Выезд к клиенту;26.02.2024 9:48
935;73;Оборудование успешно установлено;26.02.2024 10:48
936;73;Формирование отчета о выезде;26.02.2024 12:12
937;74;Поступление заявки на установку оборудования;01.05.2024 13:48
938;74;Рассмотрение заявки менеджером;01.05.2024 14:48
939;74;Рассмотрение заявки менеджером;01.05.2024 15:48
940;74;Рассмотрение заявки менеджером;01.05.2024 16:48
941;74;Рассмотрение заявки инженером;01.05.2024 17:48
942;74;Согласование заявки инженером;01.05.2024 18:48
943;74;Согласование заявки юристом;01.05.2024 19:48
944;74;Согласование заявки бухгалером;02.05.2024 0:48
945;74;Получение оборудования на складе;02.05.2024 6:48
946;74;Поступление заявки на установку оборудования;02.05.2024 7:48
947;74;Рассмотрение заявки менеджером;02.05.2024 8:48
948;74;Рассмотрение заявки менеджером;02.05.2024 9:48
949;74;Рассмотрение заявки менеджером;02.05.2024 10:48
950;74;Рассмотрение заявки инженером;02.05.2024 11:48
951;74;Согласование заявки инженером;02.05.2024 12:48
952;74;Согласование заявки юристом;02.05.2024 13:48
953;74;Согласование заявки бухгалером;02.05.2024 18:48
954;74;Получение оборудования на складе;03.05.2024 0:48
955;74;Выезд к клиенту;03.05.2024 1:48
956;74;Оборудование успешно установлено;03.05.2024 2:48
957;74;Формирование отчета о выезде;03.05.2024 4:48
958;75;Поступление заявки на установку оборудования;17.04.2024 7:48
959;75;Рассмотрение заявки менеджером;17.04.2024 8:48
960;75;Рассмотрение заявки менеджером;17.04.2024 9:48
961;75;Рассмотрение заявки менеджером;17.04.2024 10:48
962;75;Рассмотрение заявки инженером;17.04.2024 11:48
963;75;Согласование заявки инженером;17.04.2024 12:48
964;75;Согласование заявки бухгалером;17.04.2024 14:48
965;75;Назначение материалоответственного;17.04.2024 15:48
966;75;Получение оборудования на складе;17.04.2024 21:48
967;75;Выезд к клиенту;17.04.2024 22:48
968;75;Оборудование успешно установлено;17.04.2024 23:48
969;75;Формирование отчета о выезде;18.04.2024 1:48
970;76;Поступление заявки на установку оборудования;14.04.2024 17:06
971;76;Рассмотрение заявки менеджером;14.04.2024 18:06
972;76;Рассмотрение заявки менеджером;14.04.2024 19:06
973;76;Рассмотрение заявки менеджером;14.04.2024 20:06
974;76;Рассмотрение заявки инженером;14.04.2024 21:06
975;76;Согласование заявки инженером;14.04.2024 22:06
976;76;Согласование заявки юристом;14.04.2024 23:06
977;76;Согласование заявки бухгалером;15.04.2024 6:06
978;76;Получение оборудования на складе;15.04.2024 12:06
979;76;Выезд к клиенту;15.04.2024 13:06
980;76;Оборудование успешно установлено;15.04.2024 14:06
981;76;Формирование отчета о выезде;15.04.2024 16:00
982;77;Поступление заявки на установку оборудования;22.02.2024 7:36
983;77;Рассмотрение заявки менеджером;22.02.2024 8:36
984;77;Рассмотрение заявки менеджером;22.02.2024 9:36
985;77;Рассмотрение заявки менеджером;22.02.2024 10:36
986;77;Рассмотрение заявки инженером;22.02.2024 11:36
987;77;Согласование заявки инженером;22.02.2024 12:36
988;77;Согласование заявки бухгалером;22.02.2024 14:36
989;77;Назначение материалоответственного;22.02.2024 15:36
990;77;Получение оборудования на складе;22.02.2024 21:36
991;77;Выезд к клиенту;22.02.2024 22:36
992;77;Оборудование успешно установлено;22.02.2024 23:36
993;77;Формирование отчета о выезде;23.02.2024 0:54
994;78;Поступление заявки на установку оборудования;18.02.2024 20:24
995;78;Рассмотрение заявки менеджером;18.02.2024 21:24
996;78;Рассмотрение заявки менеджером;18.02.2024 22:24
997;78;Рассмотрение заявки менеджером;18.02.2024 23:24
998;78;Рассмотрение заявки инженером;19.02.2024 0:24
999;78;Согласование заявки инженером;19.02.2024 1:24
1000;78;Согласование заявки бухгалером;19.02.2024 7:24
1001;78;Назначение материалоответственного;19.02.2024 8:24
1002;78;Получение оборудования на складе;19.02.2024 14:24
1003;78;Выезд к клиенту;19.02.2024 15:24
1004;78;Оборудование успешно установлено;19.02.2024 16:24
1005;78;Формирование отчета о выезде;19.02.2024 17:42
1006;79;Поступление заявки на установку оборудования;27.04.2024 1:48
1007;79;Рассмотрение заявки менеджером;27.04.2024 2:48
1008;79;Рассмотрение заявки менеджером;27.04.2024 3:48
1009;79;Рассмотрение заявки менеджером;27.04.2024 4:48
1010;79;Рассмотрение заявки инженером;27.04.2024 5:48
1011;79;Согласование заявки инженером;27.04.2024 6:48
1012;79;Согласование заявки бухгалером;27.04.2024 8:48
1013;79;Назначение материалоответственного;27.04.2024 9:48
1014;79;Получение оборудования на складе;27.04.2024 15:48
1015;79;Поступление заявки на установку оборудования;27.04.2024 16:48
1016;79;Рассмотрение заявки менеджером;27.04.2024 17:48
1017;79;Рассмотрение заявки менеджером;27.04.2024 18:48
1018;79;Рассмотрение заявки менеджером;27.04.2024 19:48
1019;79;Рассмотрение заявки инженером;27.04.2024 20:48
1020;79;Согласование заявки инженером;27.04.2024 21:48
1021;79;Согласование заявки бухгалером;27.04.2024 23:48
1022;79;Назначение материалоответственного;28.04.2024 0:48
1023;79;Получение оборудования на складе;28.04.2024 6:48
1024;79;Выезд к клиенту;28.04.2024 7:48
1025;79;Оборудование успешно установлено;28.04.2024 8:48
1026;79;Формирование отчета о выезде;28.04.2024 10:48
1027;80;Поступление заявки на установку оборудования;16.05.2024 15:48
1028;80;Поступление заявки на установку оборудования;16.05.2024 16:48
1029;80;Рассмотрение заявки менеджером;16.05.2024 17:48
1030;80;Рассмотрение заявки менеджером;16.05.2024 18:48
1031;80;Рассмотрение заявки менеджером;16.05.2024 19:48
1032;80;Рассмотрение заявки инженером;16.05.2024 20:48
1033;80;Согласование заявки инженером;16.05.2024 21:48
1034;80;Согласование заявки юристом;16.05.2024 22:48
1035;80;Согласование заявки бухгалером;17.05.2024 3:48
1036;80;Получение оборудования на складе;17.05.2024 9:48
1037;80;Выезд к клиенту;17.05.2024 10:48
1038;80;Оборудование успешно установлено;17.05.2024 11:48
1039;80;Формирование отчета о выезде;17.05.2024 13:48
1040;81;Поступление заявки на установку оборудования;12.03.2024 3:48
1041;81;Рассмотрение заявки менеджером;12.03.2024 4:48
1042;81;Рассмотрение заявки менеджером;12.03.2024 5:48
1043;81;Рассмотрение заявки менеджером;12.03.2024 6:48
1044;81;Рассмотрение заявки инженером;12.03.2024 7:48
1045;81;Согласование заявки инженером;12.03.2024 8:48
1046;81;Согласование заявки бухгалером;12.03.2024 12:48
1047;81;Назначение материалоответственного;12.03.2024 13:48
1048;81;Получение оборудования на складе;12.03.2024 19:48
1049;81;Выезд к клиенту;12.03.2024 20:48
1050;81;Оборудование успешно установлено;12.03.2024 21:48
1051;81;Формирование отчета о выезде;12.03.2024 23:18
1052;82;Поступление заявки на установку оборудования;20.03.2024 14:36
1053;82;Рассмотрение заявки менеджером;20.03.2024 15:36
1054;82;Рассмотрение заявки менеджером;20.03.2024 16:36
1055;82;Рассмотрение заявки менеджером;20.03.2024 17:36
1056;82;Рассмотрение заявки инженером;20.03.2024 18:36
1057;82;Согласование заявки инженером;20.03.2024 19:36
1058;82;Согласование заявки бухгалером;20.03.2024 21:36
1059;82;Назначение материалоответственного;20.03.2024 22:36
1060;82;Получение оборудования на складе;21.03.2024 4:36
1061;82;Выезд к клиенту;21.03.2024 5:36
1062;82;Оборудование успешно установлено;21.03.2024 6:36
1063;82;Формирование отчета о выезде;21.03.2024 8:12
1064;83;Поступление заявки на установку оборудования;02.06.2024 7:48
1065;83;Рассмотрение заявки менеджером;02.06.2024 8:48
1066;83;Рассмотрение заявки менеджером;02.06.2024 9:48
1067;83;Рассмотрение заявки менеджером;02.06.2024 10:48
1068;83;Рассмотрение заявки инженером;02.06.2024 11:48
1069;83;Согласование заявки инженером;02.06.2024 12:48
1070;83;Согласование заявки бухгалером;02.06.2024 14:48
1071;83;Проверка перечня наминклатуры бухгалтером;02.06.2024 15:48
1072;83;Назначение материалоответственного;02.06.2024 16:48
1073;83;Получение оборудования на складе;02.06.2024 22:48
1074;83;Выезд к клиенту;02.06.2024 23:48
1075;83;Оборудование успешно установлено;03.06.2024 0:48
1076;83;Формирование отчета о выезде;03.06.2024 2:48
1077;84;Поступление заявки на установку оборудования;17.02.2024 23:06
1078;84;Рассмотрение заявки менеджером;18.02.2024 0:06
1079;84;Рассмотрение заявки менеджером;18.02.2024 1:06
1080;84;Рассмотрение заявки менеджером;18.02.2024 2:06
1081;84;Рассмотрение заявки инженером;18.02.2024 3:06
1082;84;Согласование заявки инженером;18.02.2024 4:06
1083;84;Согласование заявки юристом;18.02.2024 5:06
1084;84;Согласование заявки бухгалером;18.02.2024 10:06
1085;84;Получение оборудования на складе;18.02.2024 16:06
1086;84;Выезд к клиенту;18.02.2024 17:06
1087;84;Оборудование успешно установлено;18.02.2024 18:06
1088;84;Формирование отчета о выезде;18.02.2024 19:24
1089;85;Поступление заявки на установку оборудования;18.04.2024 22:48
1090;85;Рассмотрение заявки менеджером;18.04.2024 23:48
1091;85;Рассмотрение заявки менеджером;19.04.2024 0:48
1092;85;Рассмотрение заявки менеджером;19.04.2024 1:48
1093;85;Рассмотрение заявки инженером;19.04.2024 2:48
1094;85;Согласование заявки инженером;19.04.2024 3:48
1095;85;Согласование заявки бухгалером;19.04.2024 7:48
1096;85;Назначение материалоответственного;19.04.2024 8:48
1097;85;Получение оборудования на складе;19.04.2024 14:48
1098;85;Выезд к клиенту;19.04.2024 15:48
1099;85;Оборудование успешно установлено;19.04.2024 16:48
1100;85;Формирование отчета о выезде;19.04.2024 18:48
1101;86;Поступление заявки на установку оборудования;23.04.2024 13:48
1102;86;Рассмотрение заявки менеджером;23.04.2024 14:48
1103;86;Рассмотрение заявки менеджером;23.04.2024 15:48
1104;86;Рассмотрение заявки менеджером;23.04.2024 16:48
1105;86;Рассмотрение заявки инженером;23.04.2024 17:48
1106;86;Согласование заявки инженером;23.04.2024 18:48
1107;86;Согласование заявки юристом;23.04.2024 19:48
1108;86;Согласование заявки бухгалером;23.04.2024 23:48
1109;86;Получение оборудования на складе;24.04.2024 5:48
1110;86;Выезд к клиенту;24.04.2024 6:48
1111;86;Оборудование успешно установлено;24.04.2024 7:48
1112;86;Формирование отчета о выезде;24.04.2024 9:48
1113;87;Поступление заявки на установку оборудования;22.03.2024 4:48
1114;87;Рассмотрение заявки менеджером;22.03.2024 5:48
1115;87;Рассмотрение заявки менеджером;22.03.2024 6:48
1116;87;Рассмотрение заявки менеджером;22.03.2024 7:48
1117;87;Рассмотрение заявки инженером;22.03.2024 8:48
1118;87;Согласование заявки инженером;22.03.2024 9:48
1119;87;Согласование заявки бухгалером;22.03.2024 13:48
1120;87;Назначение материалоответственного;22.03.2024 14:48
1121;87;Получение оборудования на складе;22.03.2024 20:48
1122;87;Выезд к клиенту;22.03.2024 21:48
1123;87;Оборудование успешно установлено;22.03.2024 22:48
1124;87;Формирование отчета о выезде;23.03.2024 0:30
1125;88;Поступление заявки на установку оборудования;20.02.2024 18:00
1126;88;Рассмотрение заявки менеджером;20.02.2024 19:00
1127;88;Рассмотрение заявки менеджером;20.02.2024 20:00
1128;88;Рассмотрение заявки менеджером;20.02.2024 21:00
1129;88;Рассмотрение заявки инженером;20.02.2024 22:00
1130;88;Согласование заявки инженером;20.02.2024 23:00
1131;88;Согласование заявки бухгалером;21.02.2024 3:00
1132;88;Назначение материалоответственного;21.02.2024 4:00
1133;88;Получение оборудования на складе;21.02.2024 10:00
1134;88;Выезд к клиенту;21.02.2024 11:00
1135;88;Оборудование успешно установлено;21.02.2024 12:00
1136;88;Формирование отчета о выезде;21.02.2024 13:18
1137;89;Поступление заявки на установку оборудования;15.05.2024 16:48
1138;89;Поступление заявки на установку оборудования;15.05.2024 17:48
1139;89;Поступление заявки на установку оборудования;15.05.2024 18:48
1140;89;Рассмотрение заявки менеджером;15.05.2024 19:48
1141;89;Рассмотрение заявки менеджером;15.05.2024 20:48
1142;89;Рассмотрение заявки менеджером;15.05.2024 21:48
1143;89;Рассмотрение заявки инженером;15.05.2024 22:48
1144;89;Согласование заявки инженером;15.05.2024 23:48
1145;89;Согласование заявки бухгалером;16.05.2024 3:48
1146;89;Назначение материалоответственного;16.05.2024 4:48
1147;89;Получение оборудования на складе;16.05.2024 10:48
1148;89;Выезд к клиенту;16.05.2024 11:48
1149;89;Оборудование успешно установлено;16.05.2024 12:48
1150;89;Формирование отчета о выезде;16.05.2024 14:48
1151;90;Поступление заявки на установку оборудования;07.04.2024 18:00
1152;90;Рассмотрение заявки менеджером;07.04.2024 19:00
1153;90;Рассмотрение заявки менеджером;07.04.2024 20:00
1154;90;Рассмотрение заявки менеджером;07.04.2024 21:00
1155;90;Рассмотрение заявки инженером;07.04.2024 22:00
1156;90;Согласование заявки инженером;07.04.2024 23:00
1157;90;Согласование заявки юристом;08.04.2024 0:00
1158;90;Согласование заявки бухгалером;08.04.2024 7:00
1159;90;Получение оборудования на складе;08.04.2024 13:00
1160;90;Выезд к клиенту;08.04.2024 14:00
1161;90;Оборудование успешно установлено;08.04.2024 15:00
1162;90;Формирование отчета о выезде;08.04.2024 16:48
1163;91;Поступление заявки на установку оборудования;30.03.2024 20:48
1164;91;Рассмотрение заявки менеджером;30.03.2024 21:48
1165;91;Рассмотрение заявки менеджером;30.03.2024 22:48
1166;91;Рассмотрение заявки менеджером;30.03.2024 23:48
1167;91;Рассмотрение заявки инженером;31.03.2024 0:48
1168;91;Согласование заявки инженером;31.03.2024 1:48
1169;91;Согласование заявки бухгалером;31.03.2024 7:48
1170;91;Назначение материалоответственного;31.03.2024 8:48
1171;91;Получение оборудования на складе;31.03.2024 14:48
1172;91;Выезд к клиенту;31.03.2024 15:48
1173;91;Оборудование успешно установлено;31.03.2024 16:48
1174;91;Формирование отчета о выезде;31.03.2024 18:36
1175;92;Поступление заявки на установку оборудования;21.03.2024 9:12
1176;92;Рассмотрение заявки менеджером;21.03.2024 10:12
1177;92;Рассмотрение заявки менеджером;21.03.2024 11:12
1178;92;Рассмотрение заявки менеджером;21.03.2024 12:12
1179;92;Рассмотрение заявки инженером;21.03.2024 13:12
1180;92;Согласование заявки инженером;21.03.2024 14:12
1181;92;Согласование заявки юристом;21.03.2024 15:12
1182;92;Согласование заявки бухгалером;21.03.2024 18:12
1183;92;Получение оборудования на складе;22.03.2024 0:12
1184;92;Выезд к клиенту;22.03.2024 1:12
1185;92;Оборудование успешно установлено;22.03.2024 2:12
1186;92;Формирование отчета о выезде;22.03.2024 3:48
1187;93;Поступление заявки на установку оборудования;10.03.2024 5:48
1188;93;Рассмотрение заявки менеджером;10.03.2024 6:48
1189;93;Рассмотрение заявки менеджером;10.03.2024 7:48
1190;93;Рассмотрение заявки менеджером;10.03.2024 8:48
1191;93;Рассмотрение заявки инженером;10.03.2024 9:48
1192;93;Согласование заявки инженером;10.03.2024 10:48
1193;93;Согласование заявки бухгалером;10.03.2024 16:48
1194;93;Назначение материалоответственного;10.03.2024 17:48
1195;93;Получение оборудования на складе;10.03.2024 23:48
1196;93;Выезд к клиенту;11.03.2024 0:48
1197;93;Оборудование успешно установлено;11.03.2024 1:48
1198;93;Формирование отчета о выезде;11.03.2024 3:18
1199;94;Поступление заявки на установку оборудования;02.04.2024 16:12
1200;94;Рассмотрение заявки менеджером;02.04.2024 17:12
1201;94;Рассмотрение заявки менеджером;02.04.2024 18:12
1202;94;Рассмотрение заявки менеджером;02.04.2024 19:12
1203;94;Рассмотрение заявки инженером;02.04.2024 20:12
1204;94;Согласование заявки инженером;02.04.2024 21:12
1205;94;Согласование заявки юристом;02.04.2024 22:12
1206;94;Согласование заявки бухгалером;02.04.2024 23:12
1207;94;Получение оборудования на складе;03.04.2024 5:12
1208;94;Выезд к клиенту;03.04.2024 6:12
1209;94;Оборудование успешно установлено;03.04.2024 7:12
1210;94;Формирование отчета о выезде;03.04.2024 9:00
1211;95;Поступление заявки на установку оборудования;19.05.2024 16:48
1212;95;Поступление заявки на установку оборудования;19.05.2024 17:48
1213;95;Поступление заявки на установку оборудования;19.05.2024 18:48
1214;95;Рассмотрение заявки менеджером;19.05.2024 19:48
1215;95;Рассмотрение заявки менеджером;19.05.2024 20:48
1216;95;Рассмотрение заявки менеджером;19.05.2024 21:48
1217;95;Рассмотрение заявки инженером;19.05.2024 22:48
1218;95;Согласование заявки инженером;19.05.2024 23:48
1219;95;Согласование заявки бухгалером;20.05.2024 3:48
1220;95;Назначение материалоответственного;20.05.2024 4:48
1221;95;Получение оборудования на складе;20.05.2024 10:48
1222;95;Выезд к клиенту;20.05.2024 11:48
1223;95;Оборудование успешно установлено;20.05.2024 12:48
1224;95;Формирование отчета о выезде;20.05.2024 14:48
1225;96;Поступление заявки на установку оборудования;06.02.2024 7:36
1226;96;Рассмотрение заявки менеджером;06.02.2024 8:36
1227;96;Рассмотрение заявки менеджером;06.02.2024 9:36
1228;96;Рассмотрение заявки менеджером;06.02.2024 10:36
1229;96;Рассмотрение заявки инженером;06.02.2024 11:36
1230;96;Согласование заявки инженером;06.02.2024 12:36
1231;96;Согласование заявки юристом;06.02.2024 13:36
1232;96;Согласование заявки бухгалером;06.02.2024 20:36
1233;96;Получение оборудования на складе;07.02.2024 2:36
1234;96;Выезд к клиенту;07.02.2024 3:36
1235;96;Оборудование успешно установлено;07.02.2024 4:36
1236;96;Формирование отчета о выезде;07.02.2024 5:42
1237;97;Поступление заявки на установку оборудования;25.03.2024 21:36
1238;97;Рассмотрение заявки менеджером;25.03.2024 22:36
1239;97;Рассмотрение заявки менеджером;25.03.2024 23:36
1240;97;Рассмотрение заявки менеджером;26.03.2024 0:36
1241;97;Рассмотрение заявки инженером;26.03.2024 1:36
1242;97;Согласование заявки инженером;26.03.2024 2:36
1243;97;Согласование заявки бухгалером;26.03.2024 6:36
1244;97;Назначение материалоответственного;26.03.2024 7:36
1245;97;Получение оборудования на складе;26.03.2024 13:36
1246;97;Выезд к клиенту;26.03.2024 14:36
1247;97;Оборудование успешно установлено;26.03.2024 15:36
1248;97;Формирование отчета о выезде;26.03.2024 17:18
1249;98;Поступление заявки на установку оборудования;05.02.2024 9:30
1250;98;Рассмотрение заявки менеджером;05.02.2024 10:30
1251;98;Рассмотрение заявки менеджером;05.02.2024 11:30
1252;98;Рассмотрение заявки менеджером;05.02.2024 12:30
1253;98;Рассмотрение заявки инженером;05.02.2024 13:30
1254;98;Согласование заявки инженером;05.02.2024 14:30
1255;98;Согласование заявки бухгалером;05.02.2024 20:30
1256;98;Назначение материалоответственного;05.02.2024 21:30
1257;98;Получение оборудования на складе;06.02.2024 3:30
1258;98;Выезд к клиенту;06.02.2024 4:30
1259;98;Оборудование успешно установлено;06.02.2024 5:30
1260;98;Формирование отчета о выезде;06.02.2024 6:36
1261;99;Поступление заявки на установку оборудования;12.02.2024 2:42
1262;99;Рассмотрение заявки менеджером;12.02.2024 3:42
1263;99;Рассмотрение заявки менеджером;12.02.2024 4:42
1264;99;Рассмотрение заявки менеджером;12.02.2024 5:42
1265;99;Рассмотрение заявки инженером;12.02.2024 6:42
1266;99;Согласование заявки инженером;12.02.2024 7:42
1267;99;Согласование заявки бухгалером;12.02.2024 13:42
1268;99;Назначение материалоответственного;12.02.2024 14:42
1269;99;Получение оборудования на складе;12.02.2024 20:42
1270;99;Выезд к клиенту;12.02.2024 21:42
1271;99;Оборудование успешно установлено;12.02.2024 22:42
1272;99;Формирование отчета о выезде;12.02.2024 23:54
1273;100;Поступление заявки на установку оборудования;02.02.2024 3:06
1274;100;Рассмотрение заявки менеджером;02.02.2024 4:06
1275;100;Рассмотрение заявки менеджером;02.02.2024 5:06
1276;100;Рассмотрение заявки менеджером;02.02.2024 6:06
1277;100;Рассмотрение заявки инженером;02.02.2024 7:06
1278;100;Согласование заявки инженером;02.02.2024 8:06
1279;100;Согласование заявки бухгалером;02.02.2024 10:06
1280;100;Назначение материалоответственного;02.02.2024 11:06
1281;100;Получение оборудования на складе;02.02.2024 17:06
1282;100;Выезд к клиенту;02.02.2024 18:06
1283;100;Оборудование успешно установлено;02.02.2024 19:06
1284;100;Формирование отчета о выезде;02.02.2024 20:12
1285;101;Поступление заявки на установку оборудования;16.02.2024 7:42
1286;101;Рассмотрение заявки менеджером;16.02.2024 8:42
1287;101;Рассмотрение заявки менеджером;16.02.2024 9:42
1288;101;Рассмотрение заявки менеджером;16.02.2024 10:42
1289;101;Рассмотрение заявки инженером;16.02.2024 11:42
1290;101;Согласование заявки инженером;16.02.2024 12:42
1291;101;Согласование заявки юристом;16.02.2024 13:42
1292;101;Согласование заявки бухгалером;16.02.2024 16:42
1293;101;Получение оборудования на складе;16.02.2024 22:42
1294;101;Выезд к клиенту;16.02.2024 23:42
1295;101;Оборудование успешно установлено;17.02.2024 0:42
1296;101;Формирование отчета о выезде;17.02.2024 1:54
1297;102;Поступление заявки на установку оборудования;15.04.2024 17:00
1298;102;Рассмотрение заявки менеджером;15.04.2024 18:00
1299;102;Рассмотрение заявки менеджером;15.04.2024 19:00
1300;102;Рассмотрение заявки менеджером;15.04.2024 20:00
1301;102;Рассмотрение заявки инженером;15.04.2024 21:00
1302;102;Согласование заявки инженером;15.04.2024 22:00
1303;102;Согласование заявки бухгалером;16.04.2024 2:00
1304;102;Назначение материалоответственного;16.04.2024 3:00
1305;102;Получение оборудования на складе;16.04.2024 9:00
1306;102;Выезд к клиенту;16.04.2024 10:00
1307;102;Оборудование успешно установлено;16.04.2024 11:00
1308;102;Формирование отчета о выезде;16.04.2024 12:54
1309;103;Поступление заявки на установку оборудования;11.05.2024 13:48
1310;103;Рассмотрение заявки менеджером;11.05.2024 14:48
1311;103;Рассмотрение заявки менеджером;11.05.2024 15:48
1312;103;Рассмотрение заявки менеджером;11.05.2024 16:48
1313;103;Рассмотрение заявки инженером;11.05.2024 17:48
1314;103;Согласование заявки инженером;11.05.2024 18:48
1315;103;Согласование заявки юристом;11.05.2024 19:48
1316;103;Согласование заявки бухгалером;11.05.2024 23:48
1317;103;Получение оборудования на складе;12.05.2024 5:48
1318;103;Поступление заявки на установку оборудования;12.05.2024 6:48
1319;103;Рассмотрение заявки менеджером;12.05.2024 7:48
1320;103;Рассмотрение заявки менеджером;12.05.2024 8:48
1321;103;Рассмотрение заявки менеджером;12.05.2024 9:48
1322;103;Рассмотрение заявки инженером;12.05.2024 10:48
1323;103;Согласование заявки инженером;12.05.2024 11:48
1324;103;Согласование заявки юристом;12.05.2024 12:48
1325;103;Согласование заявки бухгалером;12.05.2024 16:48
1326;103;Получение оборудования на складе;12.05.2024 22:48
1327;103;Выезд к клиенту;12.05.2024 23:48
1328;103;Оборудование успешно установлено;13.05.2024 0:48
1329;103;Формирование отчета о выезде;13.05.2024 2:48
1330;104;Поступление заявки на установку оборудования;20.05.2024 15:48
1331;104;Поступление заявки на установку оборудования;20.05.2024 16:48
1332;104;Рассмотрение заявки менеджером;20.05.2024 17:48
1333;104;Рассмотрение заявки менеджером;20.05.2024 18:48
1334;104;Рассмотрение заявки менеджером;20.05.2024 19:48
1335;104;Рассмотрение заявки инженером;20.05.2024 20:48
1336;104;Согласование заявки инженером;20.05.2024 21:48
1337;104;Согласование заявки юристом;20.05.2024 22:48
1338;104;Согласование заявки бухгалером;20.05.2024 23:48
1339;104;Получение оборудования на складе;21.05.2024 5:48
1340;104;Выезд к клиенту;21.05.2024 6:48
1341;104;Оборудование успешно установлено;21.05.2024 7:48
1342;104;Формирование отчета о выезде;21.05.2024 9:48
1343;105;Поступление заявки на установку оборудования;19.03.2024 0:24
1344;105;Рассмотрение заявки менеджером;19.03.2024 1:24
1345;105;Рассмотрение заявки менеджером;19.03.2024 2:24
1346;105;Рассмотрение заявки менеджером;19.03.2024 3:24
1347;105;Рассмотрение заявки инженером;19.03.2024 4:24
1348;105;Согласование заявки инженером;19.03.2024 5:24
1349;105;Согласование заявки бухгалером;19.03.2024 9:24
1350;105;Назначение материалоответственного;19.03.2024 10:24
1351;105;Получение оборудования на складе;19.03.2024 16:24
1352;105;Выезд к клиенту;19.03.2024 17:24
1353;105;Оборудование успешно установлено;19.03.2024 18:24
1354;105;Формирование отчета о выезде;19.03.2024 20:00
1355;106;Поступление заявки на установку оборудования;08.04.2024 17:48
1356;106;Рассмотрение заявки менеджером;08.04.2024 18:48
1357;106;Рассмотрение заявки менеджером;08.04.2024 19:48
1358;106;Рассмотрение заявки менеджером;08.04.2024 20:48
1359;106;Рассмотрение заявки инженером;08.04.2024 21:48
1360;106;Согласование заявки инженером;08.04.2024 22:48
1361;106;Согласование заявки бухгалером;09.04.2024 2:48
1362;106;Назначение материалоответственного;09.04.2024 3:48
1363;106;Получение оборудования на складе;09.04.2024 9:48
1364;106;Выезд к клиенту;09.04.2024 10:48
1365;106;Оборудование успешно установлено;09.04.2024 11:48
1366;106;Формирование отчета о выезде;09.04.2024 13:42
1367;107;Поступление заявки на установку оборудования;03.02.2024 16:18
1368;107;Рассмотрение заявки менеджером;03.02.2024 17:18
1369;107;Рассмотрение заявки менеджером;03.02.2024 18:18
1370;107;Рассмотрение заявки менеджером;03.02.2024 19:18
1371;107;Рассмотрение заявки инженером;03.02.2024 20:18
1372;107;Согласование заявки инженером;03.02.2024 21:18
1373;107;Согласование заявки бухгалером;04.02.2024 1:18
1374;107;Назначение материалоответственного;04.02.2024 2:18
1375;107;Получение оборудования на складе;04.02.2024 8:18
1376;107;Выезд к клиенту;04.02.2024 9:18
1377;107;Оборудование успешно установлено;04.02.2024 10:18
1378;107;Формирование отчета о выезде;04.02.2024 11:24
1379;108;Поступление заявки на установку оборудования;07.02.2024 6:42
1380;108;Рассмотрение заявки менеджером;07.02.2024 7:42
1381;108;Рассмотрение заявки менеджером;07.02.2024 8:42
1382;108;Рассмотрение заявки менеджером;07.02.2024 9:42
1383;108;Рассмотрение заявки инженером;07.02.2024 10:42
1384;108;Согласование заявки инженером;07.02.2024 11:42
1385;108;Согласование заявки бухгалером;07.02.2024 15:42
1386;108;Назначение материалоответственного;07.02.2024 16:42
1387;108;Получение оборудования на складе;07.02.2024 22:42
1388;108;Выезд к клиенту;07.02.2024 23:42
1389;108;Оборудование успешно установлено;08.02.2024 0:42
1390;108;Формирование отчета о выезде;08.02.2024 1:48
1391;109;Поступление заявки на установку оборудования;13.05.2024 22:48
1392;109;Поступление заявки на установку оборудования;13.05.2024 23:48
1393;109;Поступление заявки на установку оборудования;14.05.2024 0:48
1394;109;Рассмотрение заявки менеджером;14.05.2024 1:48
1395;109;Рассмотрение заявки менеджером;14.05.2024 2:48
1396;109;Рассмотрение заявки менеджером;14.05.2024 3:48
1397;109;Рассмотрение заявки инженером;14.05.2024 4:48
1398;109;Согласование заявки инженером;14.05.2024 5:48
1399;109;Согласование заявки бухгалером;14.05.2024 7:48
1400;109;Назначение материалоответственного;14.05.2024 8:48
1401;109;Получение оборудования на складе;14.05.2024 14:48
1402;109;Выезд к клиенту;14.05.2024 15:48
1403;109;Оборудование успешно установлено;14.05.2024 16:48
1404;109;Формирование отчета о выезде;14.05.2024 18:48
1405;110;Поступление заявки на установку оборудования;11.03.2024 4:18
1406;110;Рассмотрение заявки менеджером;11.03.2024 5:18
1407;110;Рассмотрение заявки менеджером;11.03.2024 6:18
1408;110;Рассмотрение заявки менеджером;11.03.2024 7:18
1409;110;Рассмотрение заявки инженером;11.03.2024 8:18
1410;110;Согласование заявки инженером;11.03.2024 9:18
1411;110;Согласование заявки юристом;11.03.2024 10:18
1412;110;Согласование заявки бухгалером;11.03.2024 17:18
1413;110;Получение оборудования на складе;11.03.2024 23:18
1414;110;Выезд к клиенту;12.03.2024 0:18
1415;110;Оборудование успешно установлено;12.03.2024 1:18
1416;110;Формирование отчета о выезде;12.03.2024 2:48
1417;111;Поступление заявки на установку оборудования;16.03.2024 4:36
1418;111;Рассмотрение заявки менеджером;16.03.2024 5:36
1419;111;Рассмотрение заявки менеджером;16.03.2024 6:36
1420;111;Рассмотрение заявки менеджером;16.03.2024 7:36
1421;111;Рассмотрение заявки инженером;16.03.2024 8:36
1422;111;Согласование заявки инженером;16.03.2024 9:36
1423;111;Согласование заявки юристом;16.03.2024 10:36
1424;111;Согласование заявки бухгалером;16.03.2024 15:36
1425;111;Получение оборудования на складе;16.03.2024 21:36
1426;111;Выезд к клиенту;16.03.2024 22:36
1427;111;Оборудование успешно установлено;16.03.2024 23:36
1428;111;Формирование отчета о выезде;17.03.2024 1:12
1429;112;Поступление заявки на установку оборудования;17.02.2024 2:54
1430;112;Рассмотрение заявки менеджером;17.02.2024 3:54
1431;112;Рассмотрение заявки менеджером;17.02.2024 4:54
1432;112;Рассмотрение заявки менеджером;17.02.2024 5:54
1433;112;Рассмотрение заявки инженером;17.02.2024 6:54
1434;112;Согласование заявки инженером;17.02.2024 7:54
1435;112;Согласование заявки бухгалером;17.02.2024 11:54
1436;112;Назначение материалоответственного;17.02.2024 12:54
1437;112;Получение оборудования на складе;17.02.2024 18:54
1438;112;Выезд к клиенту;17.02.2024 19:54
1439;112;Оборудование успешно установлено;17.02.2024 20:54
1440;112;Формирование отчета о выезде;17.02.2024 22:06
1441;113;Поступление заявки на установку оборудования;13.04.2024 18:12
1442;113;Рассмотрение заявки менеджером;13.04.2024 19:12
1443;113;Рассмотрение заявки менеджером;13.04.2024 20:12
1444;113;Рассмотрение заявки менеджером;13.04.2024 21:12
1445;113;Рассмотрение заявки инженером;13.04.2024 22:12
1446;113;Согласование заявки инженером;13.04.2024 23:12
1447;113;Согласование заявки бухгалером;14.04.2024 5:12
1448;113;Назначение материалоответственного;14.04.2024 6:12
1449;113;Получение оборудования на складе;14.04.2024 12:12
1450;113;Выезд к клиенту;14.04.2024 13:12
1451;113;Оборудование успешно установлено;14.04.2024 14:12
1452;113;Формирование отчета о выезде;14.04.2024 16:06
1453;114;Поступление заявки на установку оборудования;01.04.2024 19:24
1454;114;Рассмотрение заявки менеджером;01.04.2024 20:24
1455;114;Рассмотрение заявки менеджером;01.04.2024 21:24
1456;114;Рассмотрение заявки менеджером;01.04.2024 22:24
1457;114;Рассмотрение заявки инженером;01.04.2024 23:24
1458;114;Согласование заявки инженером;02.04.2024 0:24
1459;114;Согласование заявки бухгалером;02.04.2024 4:24
1460;114;Назначение материалоответственного;02.04.2024 5:24
1461;114;Получение оборудования на складе;02.04.2024 11:24
1462;114;Выезд к клиенту;02.04.2024 12:24
1463;114;Оборудование успешно установлено;02.04.2024 13:24
1464;114;Формирование отчета о выезде;02.04.2024 15:12
1465;115;Поступление заявки на установку оборудования;10.02.2024 9:18
1466;115;Рассмотрение заявки менеджером;10.02.2024 10:18
1467;115;Рассмотрение заявки менеджером;10.02.2024 11:18
1468;115;Рассмотрение заявки менеджером;10.02.2024 12:18
1469;115;Рассмотрение заявки инженером;10.02.2024 13:18
1470;115;Согласование заявки инженером;10.02.2024 14:18
1471;115;Согласование заявки бухгалером;10.02.2024 18:18
1472;115;Назначение материалоответственного;10.02.2024 19:18
1473;115;Получение оборудования на складе;11.02.2024 1:18
1474;115;Выезд к клиенту;11.02.2024 2:18
1475;115;Оборудование успешно установлено;11.02.2024 3:18
1476;115;Формирование отчета о выезде;11.02.2024 4:30
1477;116;Поступление заявки на установку оборудования;24.02.2024 17:30
1478;116;Рассмотрение заявки менеджером;24.02.2024 18:30
1479;116;Рассмотрение заявки менеджером;24.02.2024 19:30
1480;116;Рассмотрение заявки менеджером;24.02.2024 20:30
1481;116;Рассмотрение заявки инженером;24.02.2024 21:30
1482;116;Согласование заявки инженером;24.02.2024 22:30
1483;116;Согласование заявки юристом;24.02.2024 23:30
1484;116;Согласование заявки бухгалером;25.02.2024 4:30
1485;116;Получение оборудования на складе;25.02.2024 10:30
1486;116;Выезд к клиенту;25.02.2024 11:30
1487;116;Оборудование успешно установлено;25.02.2024 12:30
1488;116;Формирование отчета о выезде;25.02.2024 13:48
1489;117;Поступление заявки на установку оборудования;04.04.2024 4:48
1490;117;Рассмотрение заявки менеджером;04.04.2024 5:48
1491;117;Рассмотрение заявки менеджером;04.04.2024 6:48
1492;117;Рассмотрение заявки менеджером;04.04.2024 7:48
1493;117;Рассмотрение заявки инженером;04.04.2024 8:48
1494;117;Согласование заявки инженером;04.04.2024 9:48
1495;117;Согласование заявки юристом;04.04.2024 10:48
1496;117;Согласование заявки бухгалером;04.04.2024 13:48
1497;117;Получение оборудования на складе;04.04.2024 19:48
1498;117;Выезд к клиенту;04.04.2024 20:48
1499;117;Оборудование успешно установлено;04.04.2024 21:48
1500;117;Формирование отчета о выезде;04.04.2024 23:36
1501;118;Поступление заявки на установку оборудования;22.05.2024 7:48
1502;118;Рассмотрение заявки менеджером;22.05.2024 8:48
1503;118;Рассмотрение заявки менеджером;22.05.2024 9:48
1504;118;Рассмотрение заявки менеджером;22.05.2024 10:48
1505;118;Рассмотрение заявки инженером;22.05.2024 11:48
1506;118;Согласование заявки инженером;22.05.2024 16:48
1507;118;Согласование заявки юристом;22.05.2024 17:48
1508;118;Согласование заявки бухгалером;22.05.2024 18:48
1509;118;Получение оборудования на складе;23.05.2024 0:48
1510;118;Выезд к клиенту;23.05.2024 1:48
1511;118;Оборудование успешно установлено;23.05.2024 2:48
1512;118;Формирование отчета о выезде;23.05.2024 4:48
1513;119;Поступление заявки на установку оборудования;30.05.2024 15:48
1514;119;Рассмотрение заявки менеджером;30.05.2024 16:48
1515;119;Рассмотрение заявки менеджером;30.05.2024 17:48
1516;119;Рассмотрение заявки менеджером;30.05.2024 18:48
1517;119;Рассмотрение заявки инженером;30.05.2024 19:48
1518;119;Согласование заявки инженером;31.05.2024 0:48
1519;119;Согласование заявки юристом;31.05.2024 1:48
1520;119;Согласование заявки бухгалером;31.05.2024 2:48
1521;119;Получение оборудования на складе;31.05.2024 8:48
1522;119;Выезд к клиенту;31.05.2024 9:48
1523;119;Оборудование успешно установлено;31.05.2024 10:48
1524;119;Формирование отчета о выезде;31.05.2024 12:48
1525;120;Поступление заявки на установку оборудования;29.05.2024 14:48
1526;120;Рассмотрение заявки менеджером;29.05.2024 15:48
1527;120;Рассмотрение заявки менеджером;29.05.2024 16:48
1528;120;Рассмотрение заявки менеджером;29.05.2024 17:48
1529;120;Рассмотрение заявки инженером;29.05.2024 18:48
1530;120;Согласование заявки инженером;29.05.2024 23:48
1531;120;Согласование заявки бухгалером;30.05.2024 3:48
1532;120;Назначение материалоответственного;30.05.2024 4:48
1533;120;Получение оборудования на складе;30.05.2024 10:48
1534;120;Выезд к клиенту;30.05.2024 11:48
1535;120;Оборудование успешно установлено;30.05.2024 12:48
1536;120;Формирование отчета о выезде;30.05.2024 14:48
1537;121;Поступление заявки на установку оборудования;28.05.2024 10:48
1538;121;Рассмотрение заявки менеджером;28.05.2024 11:48
1539;121;Рассмотрение заявки менеджером;28.05.2024 12:48
1540;121;Рассмотрение заявки менеджером;28.05.2024 13:48
1541;121;Рассмотрение заявки инженером;28.05.2024 14:48
1542;121;Согласование заявки инженером;28.05.2024 19:48
1543;121;Согласование заявки юристом;28.05.2024 20:48
1544;121;Согласование заявки бухгалером;29.05.2024 3:48
1545;121;Получение оборудования на складе;29.05.2024 9:48
1546;121;Выезд к клиенту;29.05.2024 10:48
1547;121;Оборудование успешно установлено;29.05.2024 11:48
1548;121;Формирование отчета о выезде;29.05.2024 13:48
1549;122;Поступление заявки на установку оборудования;08.05.2024 9:48
1550;122;Рассмотрение заявки менеджером;08.05.2024 10:48
1551;122;Рассмотрение заявки менеджером;08.05.2024 11:48
1552;122;Рассмотрение заявки менеджером;08.05.2024 12:48
1553;122;Рассмотрение заявки инженером;08.05.2024 13:48
1554;122;Согласование заявки инженером;08.05.2024 14:48
1555;122;Согласование заявки юристом;08.05.2024 15:48
1556;122;Согласование заявки бухгалером;08.05.2024 19:48
1557;122;Получение оборудования на складе;09.05.2024 1:48
1558;122;Поступление заявки на установку оборудования;09.05.2024 2:48
1559;122;Рассмотрение заявки менеджером;09.05.2024 3:48
1560;122;Рассмотрение заявки менеджером;09.05.2024 4:48
1561;122;Рассмотрение заявки менеджером;09.05.2024 5:48
1562;122;Рассмотрение заявки инженером;09.05.2024 6:48
1563;122;Согласование заявки инженером;09.05.2024 7:48
1564;122;Согласование заявки юристом;09.05.2024 8:48
1565;122;Согласование заявки бухгалером;09.05.2024 12:48
1566;122;Получение оборудования на складе;09.05.2024 18:48
1567;122;Выезд к клиенту;09.05.2024 19:48
1568;122;Оборудование успешно установлено;09.05.2024 20:48
1569;122;Формирование отчета о выезде;09.05.2024 22:48
1570;123;Поступление заявки на установку оборудования;18.03.2024 0:48
1571;123;Рассмотрение заявки менеджером;18.03.2024 1:48
1572;123;Рассмотрение заявки менеджером;18.03.2024 2:48
1573;123;Рассмотрение заявки менеджером;18.03.2024 3:48
1574;123;Рассмотрение заявки инженером;18.03.2024 4:48
1575;123;Согласование заявки инженером;18.03.2024 5:48
1576;123;Согласование заявки юристом;18.03.2024 6:48
1577;123;Согласование заявки бухгалером;18.03.2024 13:48
1578;123;Получение оборудования на складе;18.03.2024 19:48
1579;123;Выезд к клиенту;18.03.2024 20:48
1580;123;Оборудование успешно установлено;18.03.2024 21:48
1581;123;Формирование отчета о выезде;18.03.2024 23:24
1582;124;Поступление заявки на установку оборудования;20.04.2024 17:48
1583;124;Рассмотрение заявки менеджером;20.04.2024 18:48
1584;124;Рассмотрение заявки менеджером;20.04.2024 19:48
1585;124;Рассмотрение заявки менеджером;20.04.2024 20:48
1586;124;Рассмотрение заявки инженером;20.04.2024 21:48
1587;124;Согласование заявки инженером;20.04.2024 22:48
1588;124;Согласование заявки бухгалером;21.04.2024 4:48
1589;124;Назначение материалоответственного;21.04.2024 5:48
1590;124;Получение оборудования на складе;21.04.2024 11:48
1591;124;Выезд к клиенту;21.04.2024 12:48
1592;124;Оборудование успешно установлено;21.04.2024 13:48
1593;124;Формирование отчета о выезде;21.04.2024 15:48
1594;125;Поступление заявки на установку оборудования;04.02.2024 12:24
1595;125;Рассмотрение заявки менеджером;04.02.2024 13:24
1596;125;Рассмотрение заявки менеджером;04.02.2024 14:24
1597;125;Рассмотрение заявки менеджером;04.02.2024 15:24
1598;125;Рассмотрение заявки инженером;04.02.2024 16:24
1599;125;Согласование заявки инженером;04.02.2024 17:24
1600;125;Согласование заявки юристом;04.02.2024 18:24
1601;125;Согласование заявки бухгалером;04.02.2024 23:24
1602;125;Получение оборудования на складе;05.02.2024 5:24
1603;125;Выезд к клиенту;05.02.2024 6:24
1604;125;Оборудование успешно установлено;05.02.2024 7:24
1605;125;Формирование отчета о выезде;05.02.2024 8:30
1606;126;Поступление заявки на установку оборудования;17.05.2024 14:48
1607;126;Поступление заявки на установку оборудования;17.05.2024 15:48
1608;126;Поступление заявки на установку оборудования;17.05.2024 16:48
1609;126;Рассмотрение заявки менеджером;17.05.2024 17:48
1610;126;Рассмотрение заявки менеджером;17.05.2024 18:48
1611;126;Рассмотрение заявки менеджером;17.05.2024 19:48
1612;126;Рассмотрение заявки инженером;17.05.2024 20:48
1613;126;Согласование заявки инженером;17.05.2024 21:48
1614;126;Согласование заявки бухгалером;18.05.2024 3:48
1615;126;Назначение материалоответственного;18.05.2024 4:48
1616;126;Получение оборудования на складе;18.05.2024 10:48
1617;126;Выезд к клиенту;18.05.2024 11:48
1618;126;Оборудование успешно установлено;18.05.2024 12:48
1619;126;Формирование отчета о выезде;18.05.2024 14:48
1620;127;Поступление заявки на установку оборудования;11.02.2024 5:30
1621;127;Рассмотрение заявки менеджером;11.02.2024 6:30
1622;127;Рассмотрение заявки менеджером;11.02.2024 7:30
1623;127;Рассмотрение заявки менеджером;11.02.2024 8:30
1624;127;Рассмотрение заявки инженером;11.02.2024 9:30
1625;127;Согласование заявки инженером;11.02.2024 10:30
1626;127;Согласование заявки юристом;11.02.2024 11:30
1627;127;Согласование заявки бухгалером;11.02.2024 16:30
1628;127;Получение оборудования на складе;11.02.2024 22:30
1629;127;Выезд к клиенту;11.02.2024 23:30
1630;127;Оборудование успешно установлено;12.02.2024 0:30
1631;127;Формирование отчета о выезде;12.02.2024 1:42
1632;128;Поступление заявки на установку оборудования;31.05.2024 13:48
1633;128;Рассмотрение заявки менеджером;31.05.2024 14:48
1634;128;Рассмотрение заявки менеджером;31.05.2024 15:48
1635;128;Рассмотрение заявки менеджером;31.05.2024 16:48
1636;128;Рассмотрение заявки инженером;31.05.2024 17:48
1637;128;Согласование заявки инженером;31.05.2024 22:48
1638;128;Согласование заявки бухгалером;01.06.2024 0:48
1639;128;Назначение материалоответственного;01.06.2024 1:48
1640;128;Получение оборудования на складе;01.06.2024 7:48
1641;128;Выезд к клиенту;01.06.2024 8:48
1642;128;Оборудование успешно установлено;01.06.2024 9:48
1643;128;Формирование отчета о выезде;01.06.2024 11:48
1644;129;Поступление заявки на установку оборудования;01.03.2024 16:12
1645;129;Рассмотрение заявки менеджером;01.03.2024 17:12
1646;129;Рассмотрение заявки менеджером;01.03.2024 18:12
1647;129;Рассмотрение заявки менеджером;01.03.2024 19:12
1648;129;Рассмотрение заявки инженером;01.03.2024 20:12
1649;129;Согласование заявки инженером;01.03.2024 21:12
1650;129;Согласование заявки бухгалером;02.03.2024 1:12
1651;129;Назначение материалоответственного;02.03.2024 2:12
1652;129;Получение оборудования на складе;02.03.2024 8:12
1653;129;Выезд к клиенту;02.03.2024 9:12
1654;129;Оборудование успешно установлено;02.03.2024 10:12
1655;129;Формирование отчета о выезде;02.03.2024 11:36
1656;130;Поступление заявки на установку оборудования;13.03.2024 17:48
1657;130;Рассмотрение заявки менеджером;13.03.2024 18:48
1658;130;Рассмотрение заявки менеджером;13.03.2024 19:48
1659;130;Рассмотрение заявки менеджером;13.03.2024 20:48
1660;130;Рассмотрение заявки инженером;13.03.2024 21:48
1661;130;Согласование заявки инженером;13.03.2024 22:48
1662;130;Согласование заявки бухгалером;14.03.2024 0:48
1663;130;Назначение материалоответственного;14.03.2024 1:48
1664;130;Получение оборудования на складе;14.03.2024 7:48
1665;130;Выезд к клиенту;14.03.2024 8:48
1666;130;Оборудование успешно установлено;14.03.2024 9:48
1667;130;Формирование отчета о выезде;14.03.2024 11:24
1668;131;Поступление заявки на установку оборудования;14.02.2024 20:18
1669;131;Рассмотрение заявки менеджером;14.02.2024 21:18
1670;131;Рассмотрение заявки менеджером;14.02.2024 22:18
1671;131;Рассмотрение заявки менеджером;14.02.2024 23:18
1672;131;Рассмотрение заявки инженером;15.02.2024 0:18
1673;131;Согласование заявки инженером;15.02.2024 1:18
1674;131;Согласование заявки юристом;15.02.2024 2:18
1675;131;Согласование заявки бухгалером;15.02.2024 3:18
1676;131;Получение оборудования на складе;15.02.2024 9:18
1677;131;Выезд к клиенту;15.02.2024 10:18
1678;131;Оборудование успешно установлено;15.02.2024 11:18
1679;131;Формирование отчета о выезде;15.02.2024 12:30
1680;132;Поступление заявки на установку оборудования;26.05.2024 5:48
1681;132;Рассмотрение заявки менеджером;26.05.2024 6:48
1682;132;Рассмотрение заявки менеджером;26.05.2024 7:48
1683;132;Рассмотрение заявки менеджером;26.05.2024 8:48
1684;132;Рассмотрение заявки инженером;26.05.2024 9:48
1685;132;Согласование заявки инженером;26.05.2024 14:48
1686;132;Согласование заявки юристом;26.05.2024 15:48
1687;132;Согласование заявки бухгалером;26.05.2024 20:48
1688;132;Получение оборудования на складе;27.05.2024 2:48
1689;132;Выезд к клиенту;27.05.2024 3:48
1690;132;Оборудование успешно установлено;27.05.2024 4:48
1691;132;Формирование отчета о выезде;27.05.2024 6:48
1692;133;Поступление заявки на установку оборудования;14.03.2024 12:24
1693;133;Рассмотрение заявки менеджером;14.03.2024 13:24
1694;133;Рассмотрение заявки менеджером;14.03.2024 14:24
1695;133;Рассмотрение заявки менеджером;14.03.2024 15:24
1696;133;Рассмотрение заявки инженером;14.03.2024 16:24
1697;133;Согласование заявки инженером;14.03.2024 17:24
1698;133;Согласование заявки юристом;14.03.2024 18:24
1699;133;Согласование заявки бухгалером;14.03.2024 21:24
1700;133;Получение оборудования на складе;15.03.2024 3:24
1701;133;Выезд к клиенту;15.03.2024 4:24
1702;133;Оборудование успешно установлено;15.03.2024 5:24
1703;133;Формирование отчета о выезде;15.03.2024 7:00
